BOL Number,Consignee Number,Consignee Name,Ship Date,Net Amount,Gross Amount,Terminal,Product,Compartment,Load Temp,API Gravity,Carrier SCAC,Carrier Name,Trailer,Tractor,Seal Number,PO Number,Release Number,Freight Terms,Pay Terms,Tax Jurisdiction,Tax Code,Federal Tax,State Tax,EDI Trace,EDI Doc Type,ISA Control,GS Control,Origin Code,Destination Code,Driver,Account Of,Exchange Party,Contract Number,Rate Code,Special Instructions,Hold Code,Reason Code,Misc 1,Misc 2,Misc 3,Reserved A,Reserved B
700337,1012,Cardinal Oil & Propane,2025-06-24,1315.1,1330.5,Linden,ULSD,700337-2,76.5,35.8,,,,,,,,,,,,,,,,,,,,,,,,,,,,,,,,
700240,1023,RoadKing Mart,45813,1419.8,1415.3,Linden,ULSD,700240-2,55.5,34.8,,,,,,,,,,,,,,,,,,,,,,,,,,,,,,,,
700407,1005,Granite Oil Co,2025-06-01,-25.4,-25.6,Providence,RBOB,700407-1,68.5,59.3,,,,,,,,,,,,,,,,,,,,,,,,,,,,,,,,
700322, 1005 ,  Granite Oil Co ,2025-06-21,9203.1,9307.5,Providence  ,RBOB,700322-1,71.8,60.4,,,,,,,,,,,,,,,,,,,,,,,,,,,,,,,,
700372,1021,FuelExpress Retail,2025-06-30,3575.8,3605.7,Linden,RBOB,700372-1,68.7,60.3,,,,,,,,,,,,,,,,,,,,,,,,,,,,,,,,
700069,1022,PitStop Markets,2025-05-05,4559.9,4530.2,Albany,RBOB,700069-2,53.1,60.6,,,,,,,,,,,,,,,,,,,,,,,,,,,,,,,,
700368,1000,Sterling Oil Co,2025-06-30,1540.3,1552.5,Linden,ULSD,700368-3,71.3,36.3,,,,,,,,,,,,,,,,,,,,,,,,,,,,,,,,
700016,1005,Granite Oil Co,2025-04-26,8999.3,8925.8,Providence,RBOB,700016-1,51.3,60.4,,,,,,,,,,,,,,,,,,,,,,,,,,,,,,,,
700153,1009,Snowbelt Oil & Propane,2025-05-19,10616.0,10598.3,Linden,ULSD,700153-1,57.6,36.7,,,,,,,,,,,,,,,,,,,,,,,,,,,,,,,,
700052,1023,RoadKing Mart,2025-05-02,1350.9,1345.3,Linden,ULSD,700052-1,54.1,36.0,,,,,,,,,,,,,,,,,,,,,,,,,,,,,,,,
700312,1010,Hearth Fuel Oil,2025-06-18,362.4,362.8,Providence,ULSD,700312-3,61.4,36.0,,,,,,,,,,,,,,,,,,,,,,,,,,,,,,,,
700376,1014,Spot Partners,2025-07-01,17892.8,17934.0,Albany,RBOB,700376-1,62.4,59.9,,,,,,,,,,,,,,,,,,,,,,,,,,,,,,,,
700084, 1006 ,  Liberty Fuels ,2025-05-07,1963.3,1949.9,Providence  ,RBOB,700084-1,52.8,59.9,,,,,,,,,,,,,,,,,,,,,,,,,,,,,,,,
700312,1010,Hearth Fuel Oil,2025-06-18,486.5,486.9,Providence,ULSD,700312-1,61.4,36.0,,,,,,,,,,,,,,,,,,,,,,,,,,,,,,,,
700345,1001,Keystone Distributors,45833,7777.8,7829.0,Providence,ULSD,700345-1,69.3,36.0,,,,,,,,,,,,,,,,,,,,,,,,,,,,,,,,
700068,1023,RoadKing Mart,2025-05-05,6001.0,6014.3,Linden,ULSD,700068-3,63.2,35.9,,,,,,,,,,,,,,,,,,,,,,,,,,,,,,,,
700169,1022,PitStop Markets,2025-05-22,76.0,76.5,Albany,RBOB,700169-2,66.1,60.5,,,,,,,,,,,,,,,,,,,,,,,,,,,,,,,,
700342,1013,Tactical Commodities,2025-06-24,6092.9,6109.1,Providence,RBOB,700342-3,62.8,60.5,,,,,,,,,,,,,,,,,,,,,,,,,,,,,,,,
700216,1023,RoadKing Mart,2025-05-30,4275.0,4277.8,Linden,ULSD,700216-1,60.9,35.1,,,,,,,,,,,,,,,,,,,,,,,,,,,,,,,,
700237,1009,Snowbelt Oil & Propane,2025-06-03,4388.1,4398.9,Linden,ULSD,700237-1,63.5,35.8,,,,,,,,,,,,,,,,,,,,,,,,,,,,,,,,
700277,1002,Hudson Distributors,2025-06-13,445.0,449.1,Albany,RBOB,700277-3,69.6,59.7,,,,,,,,,,,,,,,,,,,,,,,,,,,,,,,,
700202,1023,RoadKing Mart,2025-05-28,5744.0,5762.7,Linden,ULSD,700202-1,64.6,36.5,,,,,,,,,,,,,,,,,,,,,,,,,,,,,,,,
700107,1023,RoadKing Mart,2025-05-12,4557.4,4519.4,Linden,ULSD,700107-1,48.0,35.4,,,,,,,,,,,,,,,,,,,,,,,,,,,,,,,,
700278,1023,RoadKing Mart,2025-06-13,2347.3,2361.4,Linden,ULSD,700278-2,68.5,35.9,,,,,,,,,,,,,,,,,,,,,,,,,,,,,,,,
700267,1002,Hudson Distributors,2025-06-10,303.6,305.8,Albany,RBOB,700267-2,67.5,60.3,,,,,,,,,,,,,,,,,,,,,,,,,,,,,,,,
700030,1009,Snowbelt Oil & Propane,45775,13970.9,13916.6,Linden,ULSD,700030-1,54.4,35.6,,,,,,,,,,,,,,,,,,,,,,,,,,,,,,,,
700106,1011,Cardinal Heating Oil,2025-05-12,5456.4,5415.4,Linden,ULSD,700106-3,49.2,36.0,,,,,,,,,,,,,,,,,,,,,,,,,,,,,,,,
700369,1004,Colonial Distributors,2025-06-30,4196.4,4237.0,Providence,ULSD,700369-3,73.7,35.5,,,,,,,,,,,,,,,,,,,,,,,,,,,,,,,,
700303,1002,Hudson Distributors,2025-06-17,6825.4,6865.1,Albany,RBOB,700303-3,66.1,59.5,,,,,,,,,,,,,,,,,,,,,,,,,,,,,,,,
700389,1016,Vector Partners,2025-07-03,1007.6,1021.6,Linden,RBOB,700389-3,74.4,60.1,,,,,,,,,,,,,,,,,,,,,,,,,,,,,,,,
700227,1021,FuelExpress Retail,2025-06-02,1910.3,1912.0,Linden,RBOB,700227-2,60.9,59.5,,,,,,,,,,,,,,,,,,,,,,,,,,,,,,,,
700098, 1000 ,  Sterling Oil Co ,2025-05-10,3970.6,3939.8,Linden  ,RBOB,700098-1,51.8,59.2,,,,,,,,,,,,,,,,,,,,,,,,,,,,,,,,
700257,1010,Hearth Fuel Oil,2025-06-08,7369.3,7420.2,Providence,ULSD,700257-1,69.8,35.9,,,,,,,,,,,,,,,,,,,,,,,,,,,,,,,,
700234,1002,Hudson Distributors,2025-06-03,3906.2,3936.8,Albany,RBOB,700234-2,68.2,60.4,,,,,,,,,,,,,,,,,,,,,,,,,,,,,,,,
700249,1004,Colonial Distributors,2025-06-06,4475.6,4508.9,Providence,ULSD,700249-1,70.6,35.7,,,,,,,,,,,,,,,,,,,,,,,,,,,,,,,,
700151,1008,Snowbelt Fuel Oil,2025-05-19,3647.4,3643.3,Providence,ULSHO,700151-3,58.4,35.4,,,,,,,,,,,,,,,,,,,,,,,,,,,,,,,,
700396,1009,Snowbelt Oil & Propane,2025-07-05,1507.9,1507.5,Linden,ULSHO,700396-1,59.6,34.1,,,,,,,,,,,,,,,,,,,,,,,,,,,,,,,,
700249,1004,Colonial Distributors,2025-06-06,1272.8,1282.3,Providence,ULSD,700249-2,70.6,35.7,,,,,,,,,,,,,,,,,,,,,,,,,,,,,,,,
700126, 1003 ,  Atlantic Distributors ,2025-05-15,6157.3,6149.4,Providence  ,ULSD,700126-1,58.2,36.6,,,,,,,,,,,,,,,,,,,,,,,,,,,,,,,,
700073,1007,Sterling Distributors,2025-05-05,846.0,843.8,Providence,ULSD,700073-3,56.4,36.0,,,,,,,,,,,,,,,,,,,,,,,,,,,,,,,,
700249,1004,Colonial Distributors,2025-06-06,1522.2,1533.5,Providence,ULSD,700249-3,70.6,35.7,,,,,,,,,,,,,,,,,,,,,,,,,,,,,,,,
700332,1022,PitStop Markets,2025-06-23,1541.6,1548.6,Albany,ULSD,700332-2,66.5,36.2,,,,,,,,,,,,,,,,,,,,,,,,,,,,,,,,
700114,1010,Hearth Fuel Oil,2025-05-13,3970.8,3969.0,Providence,ULSD,700114-1,59.3,36.4,,,,,,,,,,,,,,,,,,,,,,,,,,,,,,,,
700133, 1004 ,  Colonial Distributors ,2025-05-16,4750.5,4719.0,Providence  ,ULSD,700133-3,50.5,36.5,,,,,,,,,,,,,,,,,,,,,,,,,,,,,,,,
700035, 1019 ,  Anchor Marine Services ,45776,39829.2,39656.5,Providence  ,ULSD,700035-1,53.8,35.9,,,,,,,,,,,,,,,,,,,,,,,,,,,,,,,,
700398,1011,Cardinal Heating Oil,2025-07-06,8905.4,8970.3,Linden,ULSD,700398-1,70.3,36.3,,,,,,,,,,,,,,,,,,,,,,,,,,,,,,,,
700183,1002,Hudson Distributors,2025-05-25,1238.5,1244.4,Albany,RBOB,700183-2,65.0,59.8,,,,,,,,,,,,,,,,,,,,,,,,,,,,,,,,
700172,1010,Hearth Fuel Oil,2025-05-23,5156.2,5162.2,Providence,ULSD,700172-2,61.7,35.1,,,,,,,,,,,,,,,,,,,,,,,,,,,,,,,,
700238, 1006 ,  Liberty Fuels ,2025-06-03,1074.8,1079.2,Providence  ,RBOB,700238-2,64.2,59.5,,,,,,,,,,,,,,,,,,,,,,,,,,,,,,,,
700217, 1001 ,  Keystone Distributors ,2025-05-30,912.7,913.0,Providence  ,ULSD,700217-3,60.5,36.1,,,,,,,,,,,,,,,,,,,,,,,,,,,,,,,,
700135,1008,Snowbelt Fuel Oil,45793,10246.8,10179.1,Providence,ULSHO,700135-1,50.5,34.7,,,,,,,,,,,,,,,,,,,,,,,,,,,,,,,,
700211,1007,Sterling Distributors,2025-05-29,3919.7,3914.0,Providence,ULSD,700211-2,57.9,36.6,,,,,,,,,,,,,,,,,,,,,,,,,,,,,,,,
700078,1023,RoadKing Mart,2025-05-07,820.3,820.6,Linden,ULSD,700078-3,60.4,36.9,,,,,,,,,,,,,,,,,,,,,,,,,,,,,,,,
700387,1002,Hudson Distributors,2025-07-03,1427.0,1441.1,Albany,RBOB,700387-2,70.3,59.6,,,,,,,,,,,,,,,,,,,,,,,,,,,,,,,,
700261,1021,FuelExpress Retail,2025-06-09,1947.1,1951.5,Linden,RBOB,700261-1,62.4,59.7,,,,,,,,,,,,,,,,,,,,,,,,,,,,,,,,
700035, 1019 ,  Anchor Marine Services ,45776,52552.8,52325.0,Providence  ,ULSD,700035-3,53.8,35.9,,,,,,,,,,,,,,,,,,,,,,,,,,,,,,,,
700400,1021,FuelExpress Retail,45844,86.8,87.1,Linden,RBOB,700400-3,63.4,61.0,,,,,,,,,,,,,,,,,,,,,,,,,,,,,,,,
700006,1015,Apex Commodities,2025-04-24,1385.6,1379.6,Linden,RBOB,700006-2,55.4,60.7,,,,,,,,,,,,,,,,,,,,,,,,,,,,,,,,
700380,1020,QuickStop Stations,45840,2171.3,2186.3,Linden,RBOB,700380-2,67.2,59.6,,,,,,,,,,,,,,,,,,,,,,,,,,,,,,,,
700310,1005,Granite Oil Co,45826,3545.3,3578.1,Providence,RBOB,700310-1,69.6,59.8,,,,,,,,,,,,,,,,,,,,,,,,,,,,,,,,
700280, 1009 ,  Snowbelt Oil & Propane ,45821,1096.2,1100.9,Linden  ,ULSHO,700280-2,66.0,34.6,,,,,,,,,,,,,,,,,,,,,,,,,,,,,,,,
0,9999,EDI CONTROL,2024-01-01,0.0,0.0,,ZZZ,,,,,,,,,,,,,,,,,,,,,,,,,,,,,,,,,,,
700389,1016,Vector Partners,2025-07-03,7577.4,7682.6,Linden,RBOB,700389-2,74.4,60.1,,,,,,,,,,,,,,,,,,,,,,,,,,,,,,,,
700087,1007,Sterling Distributors,2025-05-08,657.7,653.7,Providence,ULSD,700087-1,51.2,34.9,,,,,,,,,,,,,,,,,,,,,,,,,,,,,,,,
700400,1021,FuelExpress Retail,45844,197.8,198.5,Linden,RBOB,700400-2,63.4,61.0,,,,,,,,,,,,,,,,,,,,,,,,,,,,,,,,
700325,1000,Sterling Oil Co,45830,1532.0,1541.5,Linden,RBOB,700325-3,66.4,59.8,,,,,,,,,,,,,,,,,,,,,,,,,,,,,,,,
700258,1000,Sterling Oil Co,2025-06-08,1715.0,1723.8,Linden,ULSD,700258-1,67.3,35.4,,,,,,,,,,,,,,,,,,,,,,,,,,,,,,,,
700296,1014,Spot Partners,2025-06-16,2763.0,2760.8,Albany,RBOB,700296-2,59.2,60.9,,,,,,,,,,,,,,,,,,,,,,,,,,,,,,,,
700229,1022,PitStop Markets,2025-06-02,85.9,86.2,Albany,ULSD,700229-1,64.7,36.7,,,,,,,,,,,,,,,,,,,,,,,,,,,,,,,,
700071,1020,QuickStop Stations,2025-05-05,2086.0,2086.6,Linden,RBOB,700071-3,60.3,59.7,,,,,,,,,,,,,,,,,,,,,,,,,,,,,,,,
700321,1006,Liberty Fuels,2025-06-20,2044.9,2064.7,Providence,RBOB,700321-1,70.1,59.8,,,,,,,,,,,,,,,,,,,,,,,,,,,,,,,,
700131,1009,Snowbelt Oil & Propane,2025-05-16,3244.8,3226.8,Linden,ULSD,700131-1,52.1,35.6,,,,,,,,,,,,,,,,,,,,,,,,,,,,,,,,
700192,1006,Liberty Fuels,2025-05-26,6505.7,6498.4,Providence,RBOB,700192-1,58.8,60.0,,,,,,,,,,,,,,,,,,,,,,,,,,,,,,,,
700313,1000,Sterling Oil Co,2025-06-19,2291.6,2290.3,Linden,RBOB,700313-3,59.4,59.5,,,,,,,,,,,,,,,,,,,,,,,,,,,,,,,,
700074,1010,Hearth Fuel Oil,2025-05-06,9657.0,9572.5,Providence,ULSD,700074-2,47.4,36.0,,,,,,,,,,,,,,,,,,,,,,,,,,,,,,,,
700266, 1022 ,  PitStop Markets ,2025-06-10,6.8,6.8,Albany  ,RBOB,700266-2,61.0,59.5,,,,,,,,,,,,,,,,,,,,,,,,,,,,,,,,
700092,1013,Tactical Commodities,2025-05-09,520.7,519.6,Providence,RBOB,700092-1,57.6,60.3,,,,,,,,,,,,,,,,,,,,,,,,,,,,,,,,
700200,1022,PitStop Markets,45805,2883.3,2883.3,Albany,RBOB,700200-2,60.0,60.8,,,,,,,,,,,,,,,,,,,,,,,,,,,,,,,,
700026,1022,PitStop Markets,2025-04-28,731.4,727.3,Albany,ULSD,700026-1,52.0,36.1,,,,,,,,,,,,,,,,,,,,,,,,,,,,,,,,
700154, 1011 ,  Cardinal Heating Oil ,2025-05-19,7957.9,7964.7,Linden  ,ULSD,700154-1,61.2,35.3,,,,,,,,,,,,,,,,,,,,,,,,,,,,,,,,
700309,1018,Mariner Shipping,2025-06-18,55328.1,55531.1,Linden,ULSD,700309-2,65.2,36.0,,,,,,,,,,,,,,,,,,,,,,,,,,,,,,,,
700198,1003,Atlantic Distributors,2025-05-27,6241.4,6205.4,Providence,RBOB,700198-1,53.9,59.4,,,,,,,,,,,,,,,,,,,,,,,,,,,,,,,,
700240,1023,RoadKing Mart,45813,1903.9,1897.9,Linden,ULSD,700240-1,55.5,34.8,,,,,,,,,,,,,,,,,,,,,,,,,,,,,,,,
700109,1021,FuelExpress Retail,2025-05-12,1622.7,1603.0,Linden,RBOB,700109-2,47.1,59.2,,,,,,,,,,,,,,,,,,,,,,,,,,,,,,,,
700053,1007,Sterling Distributors,2025-05-02,4385.0,4353.1,Providence,ULSD,700053-2,49.5,35.9,,,,,,,,,,,,,,,,,,,,,,,,,,,,,,,,
700007, 1006 ,  Liberty Fuels ,2025-04-24,4024.2,3996.9,Providence  ,RBOB,700007-1,52.8,60.0,,,,,,,,,,,,,,,,,,,,,,,,,,,,,,,,
700159,1020,QuickStop Stations,2025-05-21,1825.9,1836.3,Linden,RBOB,700159-1,65.9,59.9,,,,,,,,,,,,,,,,,,,,,,,,,,,,,,,,
700034,1010,Hearth Fuel Oil,2025-04-29,4537.4,4504.3,Providence,ULSD,700034-2,49.5,36.1,,,,,,,,,,,,,,,,,,,,,,,,,,,,,,,,
700024,1001,Keystone Distributors,2025-04-27,5631.0,5596.8,Providence,ULSD,700024-1,51.3,36.2,,,,,,,,,,,,,,,,,,,,,,,,,,,,,,,,
700369,1004,Colonial Distributors,2025-06-30,1440.6,1454.5,Providence,ULSD,700369-2,73.7,35.5,,,,,,,,,,,,,,,,,,,,,,,,,,,,,,,,
700222,1009,Snowbelt Oil & Propane,2025-05-31,5617.3,5620.0,Linden,ULSD,700222-2,60.7,35.9,,,,,,,,,,,,,,,,,,,,,,,,,,,,,,,,
700281,1013,Tactical Commodities,2025-06-13,5953.8,6025.8,Providence,RBOB,700281-3,72.6,60.9,,,,,,,,,,,,,,,,,,,,,,,,,,,,,,,,
700371, 1022 ,  PitStop Markets ,2025-06-30,82.3,82.7,Albany  ,ULSD,700371-2,68.3,36.1,,,,,,,,,,,,,,,,,,,,,,,,,,,,,,,,
700181,1020,QuickStop Stations,2025-05-24,3041.8,3031.7,Linden,RBOB,700181-1,56.5,58.8,,,,,,,,,,,,,,,,,,,,,,,,,,,,,,,,
700032,1006,Liberty Fuels,2025-04-28,3599.5,3566.4,Providence,RBOB,700032-3,50.2,59.7,,,,,,,,,,,,,,,,,,,,,,,,,,,,,,,,
700318,1011,Cardinal Heating Oil,2025-06-20,2210.2,2229.1,Linden,ULSD,700318-2,72.1,36.2,,,,,,,,,,,,,,,,,,,,,,,,,,,,,,,,
700151,1008,Snowbelt Fuel Oil,2025-05-19,1516.8,1515.1,Providence,ULSHO,700151-1,58.4,35.4,,,,,,,,,,,,,,,,,,,,,,,,,,,,,,,,
700284,1020,QuickStop Stations,2025-06-13,3553.8,3569.6,Linden,RBOB,700284-2,64.7,60.3,,,,,,,,,,,,,,,,,,,,,,,,,,,,,,,,
700374,1005,Granite Oil Co,2025-07-01,4256.6,4255.8,Providence,RBOB,700374-2,59.8,60.7,,,,,,,,,,,,,,,,,,,,,,,,,,,,,,,,
700348,1007,Sterling Distributors,2025-06-25,652.3,655.1,Providence,ULSD,700348-1,66.1,36.1,,,,,,,,,,,,,,,,,,,,,,,,,,,,,,,,
700182, 1021 ,  FuelExpress Retail ,2025-05-25,2818.2,2809.5,Linden  ,RBOB,700182-1,56.8,60.5,,,,,,,,,,,,,,,,,,,,,,,,,,,,,,,,
700061,1003,Atlantic Distributors,2025-05-04,5854.5,5844.9,Providence,RBOB,700061-1,58.3,58.6,,,,,,,,,,,,,,,,,,,,,,,,,,,,,,,,
700133, 1004 ,  Colonial Distributors ,2025-05-16,4433.6,4404.3,Providence  ,ULSD,700133-1,50.5,36.5,,,,,,,,,,,,,,,,,,,,,,,,,,,,,,,,
700285,1003,Atlantic Distributors,45821,3415.0,3461.5,Providence,RBOB,700285-3,74.1,59.6,,,,,,,,,,,,,,,,,,,,,,,,,,,,,,,,
700197,1009,Snowbelt Oil & Propane,2025-05-27,2576.4,2584.6,Linden,ULSD,700197-2,64.5,35.9,,,,,,,,,,,,,,,,,,,,,,,,,,,,,,,,
700031,1020,QuickStop Stations,2025-04-28,5181.8,5178.9,Linden,RBOB,700031-1,59.4,60.5,,,,,,,,,,,,,,,,,,,,,,,,,,,,,,,,
700338,1006,Liberty Fuels,2025-06-24,3980.5,4006.3,Providence,RBOB,700338-1,66.8,59.6,,,,,,,,,,,,,,,,,,,,,,,,,,,,,,,,
700232,1004,Colonial Distributors,2025-06-02,1393.3,1398.3,Providence,ULSD,700232-3,65.1,36.0,,,,,,,,,,,,,,,,,,,,,,,,,,,,,,,,
700363,1010,Hearth Fuel Oil,2025-06-29,8249.2,8278.9,Providence,ULSD,700363-1,65.1,35.6,,,,,,,,,,,,,,,,,,,,,,,,,,,,,,,,
700217, 1001 ,  Keystone Distributors ,2025-05-30,2577.5,2578.5,Providence  ,ULSD,700217-1,60.5,36.1,,,,,,,,,,,,,,,,,,,,,,,,,,,,,,,,
700099,1009,Snowbelt Oil & Propane,2025-05-10,1225.5,1217.8,Linden,ULSHO,700099-3,51.0,34.9,,,,,,,,,,,,,,,,,,,,,,,,,,,,,,,,
700130,1000,Sterling Oil Co,45792,641.0,640.9,Linden,RBOB,700130-2,59.8,60.2,,,,,,,,,,,,,,,,,,,,,,,,,,,,,,,,
700062,1000,Sterling Oil Co,2025-05-04,6132.7,6074.5,Linden,ULSD,700062-2,46.3,35.9,,,,,,,,,,,,,,,,,,,,,,,,,,,,,,,,
700081,1009,Snowbelt Oil & Propane,2025-05-07,843.6,838.3,Linden,ULSHO,700081-1,51.0,34.8,,,,,,,,,,,,,,,,,,,,,,,,,,,,,,,,
700191,1005,Granite Oil Co,2025-05-26,7109.5,7086.7,Providence,RBOB,700191-1,56.6,60.0,,,,,,,,,,,,,,,,,,,,,,,,,,,,,,,,
700201,1016,Vector Partners,2025-05-28,1317.4,1329.7,Linden,RBOB,700201-2,69.7,60.0,,,,,,,,,,,,,,,,,,,,,,,,,,,,,,,,
700201,1016,Vector Partners,2025-05-28,2066.5,2085.8,Linden,RBOB,700201-1,69.7,60.0,,,,,,,,,,,,,,,,,,,,,,,,,,,,,,,,
700327,1009,Snowbelt Oil & Propane,2025-06-22,1662.2,1663.2,Linden,ULSHO,700327-1,60.9,34.6,,,,,,,,,,,,,,,,,,,,,,,,,,,,,,,,
700139,1001,Keystone Distributors,2025-05-17,4914.5,4888.9,Providence,ULSD,700139-1,52.5,36.3,,,,,,,,,,,,,,,,,,,,,,,,,,,,,,,,
700282,1010,Hearth Fuel Oil,2025-06-13,3033.5,3048.6,Providence,ULSD,700282-2,67.0,35.9,,,,,,,,,,,,,,,,,,,,,,,,,,,,,,,,
700270,1007,Sterling Distributors,45819,30.4,30.4,Providence,ULSD,700270-3,60.9,35.4,,,,,,,,,,,,,,,,,,,,,,,,,,,,,,,,
700298,1004,Colonial Distributors,2025-06-16,3008.6,3027.2,Providence,ULSD,700298-3,68.8,36.1,,,,,,,,,,,,,,,,,,,,,,,,,,,,,,,,
700180,1004,Colonial Distributors,45801,2616.0,2607.2,Providence,ULSD,700180-1,55.2,35.7,,,,,,,,,,,,,,,,,,,,,,,,,,,,,,,,
700371, 1022 ,  PitStop Markets ,2025-06-30,267.7,269.3,Albany  ,ULSD,700371-1,68.3,36.1,,,,,,,,,,,,,,,,,,,,,,,,,,,,,,,,
700075,1011,Cardinal Heating Oil,45783,4337.1,4312.0,Linden,ULSD,700075-2,51.7,36.3,,,,,,,,,,,,,,,,,,,,,,,,,,,,,,,,
700123,1021,FuelExpress Retail,2025-05-15,1199.9,1195.0,Linden,RBOB,700123-3,55.7,59.6,,,,,,,,,,,,,,,,,,,,,,,,,,,,,,,,
700287, 1017 ,  Vector Trading ,2025-06-14,5385.3,5384.6,Albany  ,RBOB,700287-1,59.9,60.2,,,,,,,,,,,,,,,,,,,,,,,,,,,,,,,,
700027,1011,Cardinal Heating Oil,2025-04-28,12159.0,12132.3,Linden,ULSD,700027-1,56.9,36.3,,,,,,,,,,,,,,,,,,,,,,,,,,,,,,,,
700350, 1023 ,  RoadKing Mart ,45834,5699.6,5708.8,Linden  ,ULSD,700350-2,62.3,36.0,,,,,,,,,,,,,,,,,,,,,,,,,,,,,,,,
700253,1006,Liberty Fuels,2025-06-07,5375.1,5364.6,Providence,ULSD,700253-3,57.2,36.0,,,,,,,,,,,,,,,,,,,,,,,,,,,,,,,,
700169,1022,PitStop Markets,2025-05-22,3295.3,3314.5,Albany,RBOB,700169-3,66.1,60.5,,,,,,,,,,,,,,,,,,,,,,,,,,,,,,,,
700393,1003,Atlantic Distributors,2025-07-04,5429.9,5423.1,Providence,RBOB,700393-1,58.7,59.3,,,,,,,,,,,,,,,,,,,,,,,,,,,,,,,,
700285,1003,Atlantic Distributors,45821,3747.4,3798.4,Providence,RBOB,700285-2,74.1,59.6,,,,,,,,,,,,,,,,,,,,,,,,,,,,,,,,
700207,1021,FuelExpress Retail,2025-05-29,443.2,443.3,Linden,RBOB,700207-1,60.2,60.1,,,,,,,,,,,,,,,,,,,,,,,,,,,,,,,,
700036,1002,Hudson Distributors,2025-04-29,173.1,172.3,Albany,ULSD,700036-3,53.7,36.9,,,,,,,,,,,,,,,,,,,,,,,,,,,,,,,,
700293,1001,Keystone Distributors,2025-06-15,480.6,482.3,Providence,ULSD,700293-2,64.8,35.8,,,,,,,,,,,,,,,,,,,,,,,,,,,,,,,,
700004,1002,Hudson Distributors,2025-04-24,364.5,362.6,Albany,RBOB,700004-2,54.5,60.3,,,,,,,,,,,,,,,,,,,,,,,,,,,,,,,,
700297,1023,RoadKing Mart,2025-06-16,1111.5,1112.1,Linden,ULSD,700297-1,60.7,36.4,,,,,,,,,,,,,,,,,,,,,,,,,,,,,,,,
700078,1023,RoadKing Mart,2025-05-07,626.4,626.6,Linden,ULSD,700078-1,60.4,36.9,,,,,,,,,,,,,,,,,,,,,,,,,,,,,,,,
700187,1020,QuickStop Stations,2025-05-26,6264.6,6242.0,Linden,RBOB,700187-1,56.2,60.3,,,,,,,,,,,,,,,,,,,,,,,,,,,,,,,,
700158,1001,Keystone Distributors,2025-05-21,2424.2,2433.4,Providence,ULSD,700158-1,65.4,35.7,,,,,,,,,,,,,,,,,,,,,,,,,,,,,,,,
700293,1001,Keystone Distributors,2025-06-15,6579.7,6601.9,Providence,ULSD,700293-1,64.8,35.8,,,,,,,,,,,,,,,,,,,,,,,,,,,,,,,,
700130,1000,Sterling Oil Co,45792,336.0,336.0,Linden,RBOB,700130-3,59.8,60.2,,,,,,,,,,,,,,,,,,,,,,,,,,,,,,,,
700300,1006,Liberty Fuels,45824,7120.1,7152.6,Providence,RBOB,700300-1,64.8,59.7,,,,,,,,,,,,,,,,,,,,,,,,,,,,,,,,
700282,1010,Hearth Fuel Oil,2025-06-13,2807.5,2821.4,Providence,ULSD,700282-1,67.0,35.9,,,,,,,,,,,,,,,,,,,,,,,,,,,,,,,,
700036,1002,Hudson Distributors,2025-04-29,6687.4,6658.1,Albany,ULSD,700036-1,53.7,36.9,,,,,,,,,,,,,,,,,,,,,,,,,,,,,,,,
700341,1002,Hudson Distributors,2025-06-24,1526.0,1531.9,Albany,RBOB,700341-1,64.0,59.6,,,,,,,,,,,,,,,,,,,,,,,,,,,,,,,,
700263,1015,Apex Commodities,2025-06-09,8766.8,8825.0,Linden,ULSD,700263-3,69.4,36.5,,,,,,,,,,,,,,,,,,,,,,,,,,,,,,,,
700098, 1000 ,  Sterling Oil Co ,2025-05-10,1687.8,1674.7,Linden  ,RBOB,700098-3,51.8,59.2,,,,,,,,,,,,,,,,,,,,,,,,,,,,,,,,
700181,1020,QuickStop Stations,2025-05-24,810.7,808.0,Linden,RBOB,700181-3,56.5,58.8,,,,,,,,,,,,,,,,,,,,,,,,,,,,,,,,
700220,1003,Atlantic Distributors,45808,3329.6,3339.9,Providence,ULSD,700220-3,64.4,36.2,,,,,,,,,,,,,,,,,,,,,,,,,,,,,,,,
700404,1000,Sterling Oil Co,2025-05-29,-4734.8,-4745.0,Linden,RBOB,700404-1,62.3,59.2,,,,,,,,,,,,,,,,,,,,,,,,,,,,,,,,
700315, 1004 ,  Colonial Distributors ,45827,3605.3,3633.3,Providence  ,ULSD,700315-1,71.0,37.0,,,,,,,,,,,,,,,,,,,,,,,,,,,,,,,,
700328,1017,Vector Trading,2025-06-22,7348.8,7411.3,Albany,RBOB,700328-3,68.9,60.4,,,,,,,,,,,,,,,,,,,,,,,,,,,,,,,,
700335,1023,RoadKing Mart,45831,3302.6,3308.6,Linden,ULSD,700335-3,62.6,35.4,,,,,,,,,,,,,,,,,,,,,,,,,,,,,,,,
700366,1002,Hudson Distributors,2025-06-30,1236.3,1254.7,Albany,RBOB,700366-3,75.4,60.0,,,,,,,,,,,,,,,,,,,,,,,,,,,,,,,,
700387,1002,Hudson Distributors,2025-07-03,5895.4,5953.5,Albany,RBOB,700387-1,70.3,59.6,,,,,,,,,,,,,,,,,,,,,,,,,,,,,,,,
0,9999,EDI CONTROL,2024-01-01,0.0,0.0,,ZZZ,,,,,,,,,,,,,,,,,,,,,,,,,,,,,,,,,,,
700120,1015,Apex Commodities,45791,1129.6,1120.6,Linden,RBOB,700120-2,51.6,59.9,,,,,,,,,,,,,,,,,,,,,,,,,,,,,,,,
700163,1015,Apex Commodities,2025-05-21,13460.4,13482.9,Linden,RBOB,700163-1,61.8,59.8,,,,,,,,,,,,,,,,,,,,,,,,,,,,,,,,
700336, 1016 ,  Vector Partners ,2025-06-24,8475.0,8478.1,Linden  ,RBOB,700336-1,60.4,59.4,,,,,,,,,,,,,,,,,,,,,,,,,,,,,,,,
700138,1012,Cardinal Oil & Propane,2025-05-17,9088.0,9081.2,Linden,ULSHO,700138-1,58.9,34.4,,,,,,,,,,,,,,,,,,,,,,,,,,,,,,,,
700329, 1020 ,  QuickStop Stations ,2025-06-22,3119.9,3146.4,Linden  ,RBOB,700329-2,68.9,60.0,,,,,,,,,,,,,,,,,,,,,,,,,,,,,,,,
700377,1017,Vector Trading,2025-07-01,3610.8,3640.0,Albany,RBOB,700377-2,68.5,59.7,,,,,,,,,,,,,,,,,,,,,,,,,,,,,,,,
700147, 1014 ,  Spot Partners ,2025-05-19,10.8,10.8,Albany  ,ULSD,700147-1,58.3,36.3,,,,,,,,,,,,,,,,,,,,,,,,,,,,,,,,
700100,1008,Snowbelt Fuel Oil,45787,1901.3,1902.8,Providence,ULSHO,700100-1,61.1,33.9,,,,,,,,,,,,,,,,,,,,,,,,,,,,,,,,
700383,1012,Cardinal Oil & Propane,2025-07-03,3040.4,3056.3,Linden,ULSHO,700383-1,67.4,35.4,,,,,,,,,,,,,,,,,,,,,,,,,,,,,,,,
700320,1001,Keystone Distributors,45828,1487.9,1502.3,Providence,ULSD,700320-2,73.7,36.5,,,,,,,,,,,,,,,,,,,,,,,,,,,,,,,,
700381,1006,Liberty Fuels,2025-07-02,2442.3,2452.6,Providence,ULSD,700381-1,66.0,36.6,,,,,,,,,,,,,,,,,,,,,,,,,,,,,,,,
700379,1013,Tactical Commodities,2025-07-02,15094.8,15206.2,Providence,RBOB,700379-1,67.7,59.3,,,,,,,,,,,,,,,,,,,,,,,,,,,,,,,,
700368,1000,Sterling Oil Co,2025-06-30,2454.7,2474.3,Linden,ULSD,700368-1,71.3,36.3,,,,,,,,,,,,,,,,,,,,,,,,,,,,,,,,
700041,1005,Granite Oil Co,2025-04-30,1268.9,1267.6,Providence,RBOB,700041-1,59.0,61.0,,,,,,,,,,,,,,,,,,,,,,,,,,,,,,,,
700125,1002,Hudson Distributors,45792,1287.0,1284.1,Albany,ULSD,700125-2,56.7,36.2,,,,,,,,,,,,,,,,,,,,,,,,,,,,,,,,
700118,1006,Liberty Fuels,2025-05-14,1801.1,1774.6,Providence,RBOB,700118-2,44.3,60.4,,,,,,,,,,,,,,,,,,,,,,,,,,,,,,,,
700069,1022,PitStop Markets,2025-05-05,527.7,524.3,Albany,RBOB,700069-3,53.1,60.6,,,,,,,,,,,,,,,,,,,,,,,,,,,,,,,,
700320,1001,Keystone Distributors,45828,1313.3,1326.0,Providence,ULSD,700320-1,73.7,36.5,,,,,,,,,,,,,,,,,,,,,,,,,,,,,,,,
700062,1000,Sterling Oil Co,2025-05-04,981.2,971.9,Linden,ULSD,700062-1,46.3,35.9,,,,,,,,,,,,,,,,,,,,,,,,,,,,,,,,
700012,1023,RoadKing Mart,2025-04-25,1627.3,1628.5,Linden,ULSD,700012-1,61.1,35.5,,,,,,,,,,,,,,,,,,,,,,,,,,,,,,,,
700231, 1008 ,  Snowbelt Fuel Oil ,2025-06-02,1451.6,1454.6,Providence  ,ULSHO,700231-2,63.0,34.9,,,,,,,,,,,,,,,,,,,,,,,,,,,,,,,,
700231, 1008 ,  Snowbelt Fuel Oil ,2025-06-02,4952.5,4963.0,Providence  ,ULSHO,700231-1,63.0,34.9,,,,,,,,,,,,,,,,,,,,,,,,,,,,,,,,
700288,1012,Cardinal Oil & Propane,2025-06-14,2644.2,2650.0,Linden,ULSD,700288-1,63.1,36.1,,,,,,,,,,,,,,,,,,,,,,,,,,,,,,,,
700368,1000,Sterling Oil Co,2025-06-30,2734.7,2756.4,Linden,ULSD,700368-2,71.3,36.3,,,,,,,,,,,,,,,,,,,,,,,,,,,,,,,,
700157,1004,Colonial Distributors,2025-05-20,7949.8,7897.1,Providence,ULSD,700157-2,50.5,35.8,,,,,,,,,,,,,,,,,,,,,,,,,,,,,,,,
700132,1010,Hearth Fuel Oil,2025-05-16,3398.0,3379.8,Providence,ULSD,700132-1,52.3,36.6,,,,,,,,,,,,,,,,,,,,,,,,,,,,,,,,
700274,1012,Cardinal Oil & Propane,2025-06-11,9417.2,9419.9,Linden,ULSHO,700274-1,60.4,34.9,,,,,,,,,,,,,,,,,,,,,,,,,,,,,,,,
700328,1017,Vector Trading,2025-06-22,816.4,823.3,Albany,RBOB,700328-2,68.9,60.4,,,,,,,,,,,,,,,,,,,,,,,,,,,,,,,,
700054,1011,Cardinal Heating Oil,2025-05-02,14401.4,14357.0,Linden,ULSD,700054-1,55.6,37.4,,,,,,,,,,,,,,,,,,,,,,,,,,,,,,,,
700011,1022,PitStop Markets,2025-04-25,2238.0,2230.4,Albany,ULSD,700011-2,55.1,35.0,,,,,,,,,,,,,,,,,,,,,,,,,,,,,,,,
700254,1002,Hudson Distributors,2025-06-07,7479.9,7485.5,Albany,RBOB,700254-1,60.8,60.0,,,,,,,,,,,,,,,,,,,,,,,,,,,,,,,,
700115,1009,Snowbelt Oil & Propane,45790,285.3,282.5,Linden,ULSHO,700115-1,46.2,35.2,,,,,,,,,,,,,,,,,,,,,,,,,,,,,,,,
700145,1003,Atlantic Distributors,45795,6308.5,6307.3,Providence,ULSD,700145-1,59.7,36.5,,,,,,,,,,,,,,,,,,,,,,,,,,,,,,,,
700330,1007,Sterling Distributors,45831,1342.4,1348.1,Providence,ULSD,700330-3,66.1,36.3,,,,,,,,,,,,,,,,,,,,,,,,,,,,,,,,
700113,1014,Spot Partners,2025-05-13,6034.4,5998.7,Albany,ULSD,700113-1,51.5,35.8,,,,,,,,,,,,,,,,,,,,,,,,,,,,,,,,
700270,1007,Sterling Distributors,45819,2739.5,2741.3,Providence,ULSD,700270-2,60.9,35.4,,,,,,,,,,,,,,,,,,,,,,,,,,,,,,,,
700206,1000,Sterling Oil Co,2025-05-29,4734.8,4745.0,Linden,RBOB,700206-1,62.3,59.2,,,,,,,,,,,,,,,,,,,,,,,,,,,,,,,,
700201,1016,Vector Partners,2025-05-28,6099.0,6156.0,Linden,RBOB,700201-3,69.7,60.0,,,,,,,,,,,,,,,,,,,,,,,,,,,,,,,,
700038,1000,Sterling Oil Co,2025-04-30,4910.8,4881.1,Linden,RBOB,700038-3,53.6,59.3,,,,,,,,,,,,,,,,,,,,,,,,,,,,,,,,
700305,1003,Atlantic Distributors,45825,2802.4,2804.8,Providence,ULSD,700305-1,61.3,36.0,,,,,,,,,,,,,,,,,,,,,,,,,,,,,,,,
700238, 1006 ,  Liberty Fuels ,2025-06-03,5504.1,5526.2,Providence  ,RBOB,700238-1,64.2,59.5,,,,,,,,,,,,,,,,,,,,,,,,,,,,,,,,
700247,1008,Snowbelt Fuel Oil,2025-06-06,1021.8,1026.8,Providence,ULSHO,700247-1,67.0,34.4,,,,,,,,,,,,,,,,,,,,,,,,,,,,,,,,
700335,1023,RoadKing Mart,45831,2770.7,2775.7,Linden,ULSD,700335-1,62.6,35.4,,,,,,,,,,,,,,,,,,,,,,,,,,,,,,,,
700204,1008,Snowbelt Fuel Oil,2025-05-28,4152.1,4166.2,Providence,ULSHO,700204-1,64.8,35.4,,,,,,,,,,,,,,,,,,,,,,,,,,,,,,,,
700248,1022,PitStop Markets,2025-06-06,1506.9,1509.3,Albany,RBOB,700248-2,61.6,60.2,,,,,,,,,,,,,,,,,,,,,,,,,,,,,,,,
700356,1005,Granite Oil Co,2025-06-28,5463.3,5497.1,Providence,RBOB,700356-3,66.5,60.5,,,,,,,,,,,,,,,,,,,,,,,,,,,,,,,,
700235,1011,Cardinal Heating Oil,45811,3977.5,3992.0,Linden,ULSHO,700235-3,65.2,35.5,,,,,,,,,,,,,,,,,,,,,,,,,,,,,,,,
700397,1006,Liberty Fuels,2025-07-05,8444.4,8452.0,Providence,RBOB,700397-1,61.0,60.2,,,,,,,,,,,,,,,,,,,,,,,,,,,,,,,,
700253,1006,Liberty Fuels,2025-06-07,45.3,45.2,Providence,ULSD,700253-2,57.2,36.0,,,,,,,,,,,,,,,,,,,,,,,,,,,,,,,,
700228,1000,Sterling Oil Co,2025-06-02,2753.4,2755.6,Linden,ULSD,700228-3,61.1,36.6,,,,,,,,,,,,,,,,,,,,,,,,,,,,,,,,
700148,1010,Hearth Fuel Oil,2025-05-19,245.2,243.9,Providence,ULSD,700148-2,52.2,35.5,,,,,,,,,,,,,,,,,,,,,,,,,,,,,,,,
700089,1011,Cardinal Heating Oil,2025-05-09,1668.2,1673.4,Linden,ULSD,700089-1,64.5,36.4,,,,,,,,,,,,,,,,,,,,,,,,,,,,,,,,
700206,1000,Sterling Oil Co,2025-05-29,1505.4,1508.6,Linden,RBOB,700206-2,62.3,59.2,,,,,,,,,,,,,,,,,,,,,,,,,,,,,,,,
700118,1006,Liberty Fuels,2025-05-14,4417.7,4352.7,Providence,RBOB,700118-1,44.3,60.4,,,,,,,,,,,,,,,,,,,,,,,,,,,,,,,,
700214,1006,Liberty Fuels,2025-05-30,6997.8,7026.8,Providence,RBOB,700214-1,64.4,60.5,,,,,,,,,,,,,,,,,,,,,,,,,,,,,,,,
700389,1016,Vector Partners,2025-07-03,4110.6,4167.6,Linden,RBOB,700389-1,74.4,60.1,,,,,,,,,,,,,,,,,,,,,,,,,,,,,,,,
700276,1006,Liberty Fuels,2025-06-12,6861.7,6906.0,Providence,ULSD,700276-1,69.2,35.8,,,,,,,,,,,,,,,,,,,,,,,,,,,,,,,,
700010,1003,Atlantic Distributors,45771,4469.0,4427.1,Providence,RBOB,700010-2,50.0,60.0,,,,,,,,,,,,,,,,,,,,,,,,,,,,,,,,
700331,1010,Hearth Fuel Oil,2025-06-23,2342.2,2354.4,Providence,ULSD,700331-2,67.4,35.2,,,,,,,,,,,,,,,,,,,,,,,,,,,,,,,,
700184,1011,Cardinal Heating Oil,2025-05-25,9701.3,9733.1,Linden,ULSD,700184-1,64.7,36.1,,,,,,,,,,,,,,,,,,,,,,,,,,,,,,,,
700002,1021,FuelExpress Retail,2025-04-24,930.7,929.8,Linden,RBOB,700002-1,59.0,59.3,,,,,,,,,,,,,,,,,,,,,,,,,,,,,,,,
700142,1006,Liberty Fuels,2025-05-18,5296.5,5319.4,Providence,RBOB,700142-1,64.5,61.0,,,,,,,,,,,,,,,,,,,,,,,,,,,,,,,,
700140, 1020 ,  QuickStop Stations ,45794,190.6,190.0,Linden  ,RBOB,700140-1,56.5,59.8,,,,,,,,,,,,,,,,,,,,,,,,,,,,,,,,
700391,1008,Snowbelt Fuel Oil,2025-07-04,5023.0,5035.6,Providence,ULSHO,700391-2,63.6,35.3,,,,,,,,,,,,,,,,,,,,,,,,,,,,,,,,
700348,1007,Sterling Distributors,2025-06-25,323.4,324.8,Providence,ULSD,700348-2,66.1,36.1,,,,,,,,,,,,,,,,,,,,,,,,,,,,,,,,
700071,1020,QuickStop Stations,2025-05-05,613.0,613.2,Linden,RBOB,700071-1,60.3,59.7,,,,,,,,,,,,,,,,,,,,,,,,,,,,,,,,
700103,1012,Cardinal Oil & Propane,2025-05-11,541.4,539.4,Linden,ULSD,700103-3,54.6,35.1,,,,,,,,,,,,,,,,,,,,,,,,,,,,,,,,
700064,1009,Snowbelt Oil & Propane,2025-05-04,2920.4,2913.3,Linden,ULSHO,700064-1,56.5,34.9,,,,,,,,,,,,,,,,,,,,,,,,,,,,,,,,
700179,1007,Sterling Distributors,2025-05-24,6076.3,6084.7,Providence,ULSD,700179-1,62.0,35.8,,,,,,,,,,,,,,,,,,,,,,,,,,,,,,,,
700334,1014,Spot Partners,2025-06-23,2983.2,3002.7,Albany,RBOB,700334-3,66.8,60.1,,,,,,,,,,,,,,,,,,,,,,,,,,,,,,,,
700314,1008,Snowbelt Fuel Oil,2025-06-19,3251.8,3280.3,Providence,ULSHO,700314-1,72.4,34.7,,,,,,,,,,,,,,,,,,,,,,,,,,,,,,,,
700207,1021,FuelExpress Retail,2025-05-29,852.9,853.0,Linden,RBOB,700207-3,60.2,60.1,,,,,,,,,,,,,,,,,,,,,,,,,,,,,,,,
700036,1002,Hudson Distributors,2025-04-29,1679.1,1671.7,Albany,ULSD,700036-2,53.7,36.9,,,,,,,,,,,,,,,,,,,,,,,,,,,,,,,,
700298,1004,Colonial Distributors,2025-06-16,1530.5,1539.9,Providence,ULSD,700298-1,68.8,36.1,,,,,,,,,,,,,,,,,,,,,,,,,,,,,,,,
700028, 1023 ,  RoadKing Mart ,2025-04-28,5130.7,5111.6,Linden  ,ULSD,700028-1,54.7,35.8,,,,,,,,,,,,,,,,,,,,,,,,,,,,,,,,
700186,1014,Spot Partners,2025-05-25,2286.4,2275.9,Albany,ULSD,700186-2,53.4,35.9,,,,,,,,,,,,,,,,,,,,,,,,,,,,,,,,
700268,1023,RoadKing Mart,2025-06-10,501.4,504.9,Linden,ULSD,700268-2,70.1,36.1,,,,,,,,,,,,,,,,,,,,,,,,,,,,,,,,
700232,1004,Colonial Distributors,2025-06-02,1240.8,1245.2,Providence,ULSD,700232-1,65.1,36.0,,,,,,,,,,,,,,,,,,,,,,,,,,,,,,,,
700288,1012,Cardinal Oil & Propane,2025-06-14,4668.9,4679.2,Linden,ULSD,700288-2,63.1,36.1,,,,,,,,,,,,,,,,,,,,,,,,,,,,,,,,
700143,1005,Granite Oil Co,2025-05-18,7215.5,7246.9,Providence,RBOB,700143-1,64.6,59.9,,,,,,,,,,,,,,,,,,,,,,,,,,,,,,,,
700169,1022,PitStop Markets,2025-05-22,1284.5,1292.0,Albany,RBOB,700169-1,66.1,60.5,,,,,,,,,,,,,,,,,,,,,,,,,,,,,,,,
700196, 1021 ,  FuelExpress Retail ,2025-05-27,3007.2,3007.4,Linden  ,RBOB,700196-1,60.1,60.7,,,,,,,,,,,,,,,,,,,,,,,,,,,,,,,,
700362,1012,Cardinal Oil & Propane,2025-06-29,2189.0,2195.2,Linden,ULSD,700362-1,64.1,36.0,,,,,,,,,,,,,,,,,,,,,,,,,,,,,,,,
0,9999,EDI CONTROL,2024-01-01,0.0,0.0,,ZZZ,,,,,,,,,,,,,,,,,,,,,,,,,,,,,,,,,,,
700228,1000,Sterling Oil Co,2025-06-02,1516.7,1517.9,Linden,ULSD,700228-2,61.1,36.6,,,,,,,,,,,,,,,,,,,,,,,,,,,,,,,,
700401,1001,Keystone Distributors,2025-05-21,-3504.3,-3517.5,Providence,ULSD,700401-1,65.4,35.7,,,,,,,,,,,,,,,,,,,,,,,,,,,,,,,,
700212,1019,Anchor Marine Services,2025-05-30,123654.0,123589.3,Providence,ULSD,700212-1,59.3,35.8,,,,,,,,,,,,,,,,,,,,,,,,,,,,,,,,
700044,1020,QuickStop Stations,2025-05-01,6039.6,6029.8,Linden,RBOB,700044-1,58.3,59.1,,,,,,,,,,,,,,,,,,,,,,,,,,,,,,,,
700325,1000,Sterling Oil Co,45830,5092.1,5123.5,Linden,RBOB,700325-2,66.4,59.8,,,,,,,,,,,,,,,,,,,,,,,,,,,,,,,,
700311,1012,Cardinal Oil & Propane,2025-06-18,5013.7,5039.1,Linden,ULSHO,700311-1,67.2,34.9,,,,,,,,,,,,,,,,,,,,,,,,,,,,,,,,
700091, 1001 ,  Keystone Distributors ,2025-05-09,1715.3,1714.3,Providence  ,ULSD,700091-2,59.2,37.2,,,,,,,,,,,,,,,,,,,,,,,,,,,,,,,,
700139,1001,Keystone Distributors,2025-05-17,1098.0,1092.3,Providence,ULSD,700139-2,52.5,36.3,,,,,,,,,,,,,,,,,,,,,,,,,,,,,,,,
700018,1004,Colonial Distributors,2025-04-27,7999.2,7958.8,Providence,ULSD,700018-1,52.7,35.7,,,,,,,,,,,,,,,,,,,,,,,,,,,,,,,,
700053,1007,Sterling Distributors,2025-05-02,2350.5,2333.4,Providence,ULSD,700053-1,49.5,35.9,,,,,,,,,,,,,,,,,,,,,,,,,,,,,,,,
0,9999,EDI CONTROL,2024-01-01,0.0,0.0,,ZZZ,,,,,,,,,,,,,,,,,,,,,,,,,,,,,,,,,,,
700106,1011,Cardinal Heating Oil,2025-05-12,5819.3,5775.6,Linden,ULSD,700106-1,49.2,36.0,,,,,,,,,,,,,,,,,,,,,,,,,,,,,,,,
700270,1007,Sterling Distributors,45819,2800.4,2802.3,Providence,ULSD,700270-1,60.9,35.4,,,,,,,,,,,,,,,,,,,,,,,,,,,,,,,,
700122,1012,Cardinal Oil & Propane,2025-05-14,10704.1,10676.3,Linden,ULSHO,700122-1,56.3,35.3,,,,,,,,,,,,,,,,,,,,,,,,,,,,,,,,
700079,1015,Apex Commodities,2025-05-07,342.0,338.1,Linden,RBOB,700079-1,47.8,59.3,,,,,,,,,,,,,,,,,,,,,,,,,,,,,,,,
700112, 1004 ,  Colonial Distributors ,2025-05-13,4429.8,4400.3,Providence  ,ULSD,700112-2,50.4,35.9,,,,,,,,,,,,,,,,,,,,,,,,,,,,,,,,
700388,1023,RoadKing Mart,2025-07-03,1756.0,1762.8,Linden,ULSD,700388-3,65.6,35.6,,,,,,,,,,,,,,,,,,,,,,,,,,,,,,,,
700326,1004,Colonial Distributors,2025-06-22,8365.3,8374.0,Providence,ULSD,700326-1,61.5,36.3,,,,,,,,,,,,,,,,,,,,,,,,,,,,,,,,
700134,1011,Cardinal Heating Oil,2025-05-16,394.1,392.7,Linden,ULSHO,700134-2,55.2,35.2,,,,,,,,,,,,,,,,,,,,,,,,,,,,,,,,
700309,1018,Mariner Shipping,2025-06-18,17713.8,17778.8,Linden,ULSD,700309-1,65.2,36.0,,,,,,,,,,,,,,,,,,,,,,,,,,,,,,,,
700375,1007,Sterling Distributors,45839,3379.9,3384.2,Providence,ULSD,700375-1,61.8,35.9,,,,,,,,,,,,,,,,,,,,,,,,,,,,,,,,
700240,1023,RoadKing Mart,45813,1505.1,1500.4,Linden,ULSD,700240-3,55.5,34.8,,,,,,,,,,,,,,,,,,,,,,,,,,,,,,,,
700382,1011,Cardinal Heating Oil,2025-07-02,866.8,864.8,Linden,ULSHO,700382-3,56.7,34.8,,,,,,,,,,,,,,,,,,,,,,,,,,,,,,,,
700100,1008,Snowbelt Fuel Oil,45787,7123.5,7128.9,Providence,ULSHO,700100-2,61.1,33.9,,,,,,,,,,,,,,,,,,,,,,,,,,,,,,,,
700121,1005,Granite Oil Co,2025-05-14,6195.2,6152.1,Providence,RBOB,700121-2,52.6,60.4,,,,,,,,,,,,,,,,,,,,,,,,,,,,,,,,
700338,1006,Liberty Fuels,2025-06-24,2261.7,2276.3,Providence,RBOB,700338-2,66.8,59.6,,,,,,,,,,,,,,,,,,,,,,,,,,,,,,,,
700032,1006,Liberty Fuels,2025-04-28,2141.0,2121.4,Providence,RBOB,700032-1,50.2,59.7,,,,,,,,,,,,,,,,,,,,,,,,,,,,,,,,
700155,1022,PitStop Markets,45796,5809.6,5795.0,Albany,RBOB,700155-1,57.3,60.3,,,,,,,,,,,,,,,,,,,,,,,,,,,,,,,,
700052,1023,RoadKing Mart,2025-05-02,3357.2,3343.3,Linden,ULSD,700052-3,54.1,36.0,,,,,,,,,,,,,,,,,,,,,,,,,,,,,,,,
700075,1011,Cardinal Heating Oil,45783,4154.3,4130.3,Linden,ULSD,700075-1,51.7,36.3,,,,,,,,,,,,,,,,,,,,,,,,,,,,,,,,
700289,1005,Granite Oil Co,2025-06-14,3795.9,3813.0,Providence,RBOB,700289-1,64.7,60.8,,,,,,,,,,,,,,,,,,,,,,,,,,,,,,,,
700393,1003,Atlantic Distributors,2025-07-04,1046.8,1045.4,Providence,RBOB,700393-2,58.7,59.3,,,,,,,,,,,,,,,,,,,,,,,,,,,,,,,,
700241,1001,Keystone Distributors,2025-06-05,6302.5,6314.2,Providence,ULSD,700241-1,62.6,35.5,,,,,,,,,,,,,,,,,,,,,,,,,,,,,,,,
700214,1006,Liberty Fuels,2025-05-30,601.0,603.5,Providence,RBOB,700214-2,64.4,60.5,,,,,,,,,,,,,,,,,,,,,,,,,,,,,,,,
700066,1004,Colonial Distributors,2025-05-05,1736.4,1731.3,Providence,ULSD,700066-1,55.8,36.3,,,,,,,,,,,,,,,,,,,,,,,,,,,,,,,,
700171,1002,Hudson Distributors,2025-05-22,4353.5,4341.2,Albany,ULSD,700171-3,55.9,36.6,,,,,,,,,,,,,,,,,,,,,,,,,,,,,,,,
700319,1007,Sterling Distributors,2025-06-20,2340.6,2364.9,Providence,ULSD,700319-3,74.7,35.5,,,,,,,,,,,,,,,,,,,,,,,,,,,,,,,,
700338,1006,Liberty Fuels,2025-06-24,2088.0,2101.6,Providence,RBOB,700338-3,66.8,59.6,,,,,,,,,,,,,,,,,,,,,,,,,,,,,,,,
700405, 1011 ,  Cardinal Heating Oil ,2025-06-07,-5122.6,-5150.6,Linden  ,ULSHO,700405-1,67.8,35.1,,,,,,,,,,,,,,,,,,,,,,,,,,,,,,,,
700002,1021,FuelExpress Retail,2025-04-24,748.1,747.4,Linden,RBOB,700002-2,59.0,59.3,,,,,,,,,,,,,,,,,,,,,,,,,,,,,,,,
700033,1008,Snowbelt Fuel Oil,2025-04-29,9286.0,9262.4,Providence,ULSHO,700033-1,56.4,35.4,,,,,,,,,,,,,,,,,,,,,,,,,,,,,,,,
700115,1009,Snowbelt Oil & Propane,45790,11338.5,11230.1,Linden,ULSHO,700115-2,46.2,35.2,,,,,,,,,,,,,,,,,,,,,,,,,,,,,,,,
700194,1007,Sterling Distributors,2025-05-27,1694.3,1699.1,Providence,ULSD,700194-1,64.1,36.0,,,,,,,,,,,,,,,,,,,,,,,,,,,,,,,,
700056, 1004 ,  Colonial Distributors ,2025-05-03,2710.1,2703.6,Providence  ,ULSD,700056-1,56.5,36.5,,,,,,,,,,,,,,,,,,,,,,,,,,,,,,,,
700114,1010,Hearth Fuel Oil,2025-05-13,6109.9,6107.0,Providence,ULSD,700114-2,59.3,36.4,,,,,,,,,,,,,,,,,,,,,,,,,,,,,,,,
700164,1021,FuelExpress Retail,2025-05-22,1924.3,1915.0,Linden,RBOB,700164-2,54.9,59.7,,,,,,,,,,,,,,,,,,,,,,,,,,,,,,,,
700222,1009,Snowbelt Oil & Propane,2025-05-31,25.7,25.7,Linden,ULSD,700222-1,60.7,35.9,,,,,,,,,,,,,,,,,,,,,,,,,,,,,,,,
700029,1021,FuelExpress Retail,2025-04-28,2435.4,2435.9,Linden,RBOB,700029-1,60.2,60.2,,,,,,,,,,,,,,,,,,,,,,,,,,,,,,,,
700007, 1006 ,  Liberty Fuels ,2025-04-24,1998.2,1984.7,Providence  ,RBOB,700007-3,52.8,60.0,,,,,,,,,,,,,,,,,,,,,,,,,,,,,,,,
700082,1003,Atlantic Distributors,2025-05-07,542.8,540.3,Providence,ULSD,700082-1,53.5,37.2,,,,,,,,,,,,,,,,,,,,,,,,,,,,,,,,
700280, 1009 ,  Snowbelt Oil & Propane ,45821,2923.5,2935.9,Linden  ,ULSHO,700280-1,66.0,34.6,,,,,,,,,,,,,,,,,,,,,,,,,,,,,,,,
700129,1011,Cardinal Heating Oil,2025-05-15,5111.2,5096.6,Linden,ULSD,700129-1,55.9,36.0,,,,,,,,,,,,,,,,,,,,,,,,,,,,,,,,
700129,1011,Cardinal Heating Oil,2025-05-15,7414.6,7393.4,Linden,ULSD,700129-2,55.9,36.0,,,,,,,,,,,,,,,,,,,,,,,,,,,,,,,,
700332,1022,PitStop Markets,2025-06-23,3374.8,3390.2,Albany,ULSD,700332-1,66.5,36.2,,,,,,,,,,,,,,,,,,,,,,,,,,,,,,,,
700343, 1011 ,  Cardinal Heating Oil ,2025-06-24,6044.9,6090.4,Linden  ,ULSHO,700343-1,70.7,35.2,,,,,,,,,,,,,,,,,,,,,,,,,,,,,,,,
700014, 1009 ,  Snowbelt Oil & Propane ,2025-04-25,1019.8,1016.2,Linden  ,ULSHO,700014-2,55.0,35.6,,,,,,,,,,,,,,,,,,,,,,,,,,,,,,,,
700403, 1016 ,  Vector Partners ,2025-06-24,-133.6,-133.7,Linden  ,RBOB,700403-1,60.4,59.4,,,,,,,,,,,,,,,,,,,,,,,,,,,,,,,,
700391,1008,Snowbelt Fuel Oil,2025-07-04,1495.0,1498.8,Providence,ULSHO,700391-1,63.6,35.3,,,,,,,,,,,,,,,,,,,,,,,,,,,,,,,,
700065,1001,Keystone Distributors,45782,1957.0,1956.1,Providence,ULSD,700065-1,59.3,36.1,,,,,,,,,,,,,,,,,,,,,,,,,,,,,,,,
700178,1022,PitStop Markets,2025-05-24,2336.6,2330.4,Albany,RBOB,700178-3,57.2,59.9,,,,,,,,,,,,,,,,,,,,,,,,,,,,,,,,
700064,1009,Snowbelt Oil & Propane,2025-05-04,6973.9,6956.9,Linden,ULSHO,700064-2,56.5,34.9,,,,,,,,,,,,,,,,,,,,,,,,,,,,,,,,
700232,1004,Colonial Distributors,2025-06-02,4641.2,4657.9,Providence,ULSD,700232-2,65.1,36.0,,,,,,,,,,,,,,,,,,,,,,,,,,,,,,,,
700275,1000,Sterling Oil Co,45820,867.9,874.1,Linden,RBOB,700275-1,67.5,60.9,,,,,,,,,,,,,,,,,,,,,,,,,,,,,,,,
700292,1022,PitStop Markets,2025-06-14,3186.1,3196.6,Albany,ULSD,700292-1,64.6,36.4,,,,,,,,,,,,,,,,,,,,,,,,,,,,,,,,
700013,1020,QuickStop Stations,2025-04-25,1257.1,1244.1,Linden,RBOB,700013-1,49.1,59.6,,,,,,,,,,,,,,,,,,,,,,,,,,,,,,,,
700158,1001,Keystone Distributors,2025-05-21,3504.3,3517.5,Providence,ULSD,700158-2,65.4,35.7,,,,,,,,,,,,,,,,,,,,,,,,,,,,,,,,
700243,1003,Atlantic Distributors,2025-06-05,7888.3,7886.9,Providence,ULSD,700243-1,59.8,35.5,,,,,,,,,,,,,,,,,,,,,,,,,,,,,,,,
700104,1006,Liberty Fuels,2025-05-11,6574.8,6569.3,Providence,RBOB,700104-1,59.1,59.3,,,,,,,,,,,,,,,,,,,,,,,,,,,,,,,,
700356,1005,Granite Oil Co,2025-06-28,2119.1,2132.2,Providence,RBOB,700356-1,66.5,60.5,,,,,,,,,,,,,,,,,,,,,,,,,,,,,,,,
700367,1023,RoadKing Mart,2025-06-30,6049.8,6093.7,Linden,ULSD,700367-1,70.3,36.8,,,,,,,,,,,,,,,,,,,,,,,,,,,,,,,,
700325,1000,Sterling Oil Co,45830,353.6,355.8,Linden,RBOB,700325-1,66.4,59.8,,,,,,,,,,,,,,,,,,,,,,,,,,,,,,,,
700218,1010,Hearth Fuel Oil,2025-05-30,645.5,645.9,Providence,ULSD,700218-1,60.9,35.9,,,,,,,,,,,,,,,,,,,,,,,,,,,,,,,,
700225,1007,Sterling Distributors,45809,5345.6,5377.4,Providence,ULSD,700225-1,68.4,36.3,,,,,,,,,,,,,,,,,,,,,,,,,,,,,,,,
700167,1003,Atlantic Distributors,2025-05-22,686.8,689.0,Providence,ULSD,700167-2,64.5,35.9,,,,,,,,,,,,,,,,,,,,,,,,,,,,,,,,
700144,1018,Mariner Shipping,2025-05-18,76818.0,76379.1,Linden,ULSD,700144-1,51.8,35.4,,,,,,,,,,,,,,,,,,,,,,,,,,,,,,,,
700388,1023,RoadKing Mart,2025-07-03,1069.6,1073.7,Linden,ULSD,700388-2,65.6,35.6,,,,,,,,,,,,,,,,,,,,,,,,,,,,,,,,
700265,1014,Spot Partners,45818,4917.1,4951.1,Albany,ULSD,700265-2,69.8,36.3,,,,,,,,,,,,,,,,,,,,,,,,,,,,,,,,
700108,1002,Hudson Distributors,2025-05-12,6898.0,6839.2,Albany,RBOB,700108-1,50.9,59.7,,,,,,,,,,,,,,,,,,,,,,,,,,,,,,,,
700346,1008,Snowbelt Fuel Oil,2025-06-25,4265.9,4301.2,Providence,ULSHO,700346-1,71.7,34.9,,,,,,,,,,,,,,,,,,,,,,,,,,,,,,,,
700011,1022,PitStop Markets,2025-04-25,3412.6,3401.0,Albany,ULSD,700011-1,55.1,35.0,,,,,,,,,,,,,,,,,,,,,,,,,,,,,,,,
700354,1022,PitStop Markets,2025-06-27,5020.9,5058.8,Albany,RBOB,700354-1,67.9,59.3,,,,,,,,,,,,,,,,,,,,,,,,,,,,,,,,
700312,1010,Hearth Fuel Oil,2025-06-18,7450.4,7457.6,Providence,ULSD,700312-2,61.4,36.0,,,,,,,,,,,,,,,,,,,,,,,,,,,,,,,,
700081,1009,Snowbelt Oil & Propane,2025-05-07,9228.3,9170.4,Linden,ULSHO,700081-2,51.0,34.8,,,,,,,,,,,,,,,,,,,,,,,,,,,,,,,,
700348,1007,Sterling Distributors,2025-06-25,4885.7,4906.8,Providence,ULSD,700348-3,66.1,36.1,,,,,,,,,,,,,,,,,,,,,,,,,,,,,,,,
700299,1015,Apex Commodities,2025-06-16,15888.6,15952.8,Linden,RBOB,700299-1,64.2,59.4,,,,,,,,,,,,,,,,,,,,,,,,,,,,,,,,
700320,1001,Keystone Distributors,45828,3263.0,3294.5,Providence,ULSD,700320-3,73.7,36.5,,,,,,,,,,,,,,,,,,,,,,,,,,,,,,,,
700380,1020,QuickStop Stations,45840,1900.5,1913.6,Linden,RBOB,700380-1,67.2,59.6,,,,,,,,,,,,,,,,,,,,,,,,,,,,,,,,
700384,1000,Sterling Oil Co,2025-07-03,1414.7,1430.3,Linden,ULSD,700384-1,75.6,36.7,,,,,,,,,,,,,,,,,,,,,,,,,,,,,,,,
700355,1002,Hudson Distributors,45835,7059.7,7087.3,Albany,ULSD,700355-1,65.6,35.6,,,,,,,,,,,,,,,,,,,,,,,,,,,,,,,,
700224, 1014 ,  Spot Partners ,2025-06-01,8482.4,8498.1,Albany  ,ULSD,700224-1,62.6,35.7,,,,,,,,,,,,,,,,,,,,,,,,,,,,,,,,
700134,1011,Cardinal Heating Oil,2025-05-16,7251.7,7227.5,Linden,ULSHO,700134-1,55.2,35.2,,,,,,,,,,,,,,,,,,,,,,,,,,,,,,,,
700045,1009,Snowbelt Oil & Propane,45778,8266.1,8252.2,Linden,ULSHO,700045-1,57.6,35.5,,,,,,,,,,,,,,,,,,,,,,,,,,,,,,,,
700211,1007,Sterling Distributors,2025-05-29,1781.7,1779.1,Providence,ULSD,700211-3,57.9,36.6,,,,,,,,,,,,,,,,,,,,,,,,,,,,,,,,
700303,1002,Hudson Distributors,2025-06-17,1224.8,1232.0,Albany,RBOB,700303-1,66.1,59.5,,,,,,,,,,,,,,,,,,,,,,,,,,,,,,,,
700019,1000,Sterling Oil Co,2025-04-27,7794.4,7750.2,Linden,ULSD,700019-1,51.9,36.2,,,,,,,,,,,,,,,,,,,,,,,,,,,,,,,,
700266, 1022 ,  PitStop Markets ,2025-06-10,1703.5,1705.1,Albany  ,RBOB,700266-3,61.0,59.5,,,,,,,,,,,,,,,,,,,,,,,,,,,,,,,,
700171,1002,Hudson Distributors,2025-05-22,1972.9,1967.3,Albany,ULSD,700171-2,55.9,36.6,,,,,,,,,,,,,,,,,,,,,,,,,,,,,,,,
700004,1002,Hudson Distributors,2025-04-24,33.6,33.4,Albany,RBOB,700004-3,54.5,60.3,,,,,,,,,,,,,,,,,,,,,,,,,,,,,,,,
700341,1002,Hudson Distributors,2025-06-24,2422.4,2431.7,Albany,RBOB,700341-3,64.0,59.6,,,,,,,,,,,,,,,,,,,,,,,,,,,,,,,,
700165,1009,Snowbelt Oil & Propane,45799,5019.2,5029.6,Linden,ULSD,700165-1,62.9,35.7,,,,,,,,,,,,,,,,,,,,,,,,,,,,,,,,
700015,1018,Mariner Shipping,45773,23587.1,23557.7,Linden,ULSD,700015-1,58.2,36.7,,,,,,,,,,,,,,,,,,,,,,,,,,,,,,,,
700217, 1001 ,  Keystone Distributors ,2025-05-30,2897.7,2898.7,Providence  ,ULSD,700217-2,60.5,36.1,,,,,,,,,,,,,,,,,,,,,,,,,,,,,,,,
700358,1003,Atlantic Distributors,2025-06-28,401.3,404.1,Providence,RBOB,700358-1,67.2,61.0,,,,,,,,,,,,,,,,,,,,,,,,,,,,,,,,
700144,1018,Mariner Shipping,2025-05-18,40995.8,40761.6,Linden,ULSD,700144-2,51.8,35.4,,,,,,,,,,,,,,,,,,,,,,,,,,,,,,,,
700236,1012,Cardinal Oil & Propane,2025-06-03,6922.4,6959.7,Linden,ULSD,700236-1,67.6,36.5,,,,,,,,,,,,,,,,,,,,,,,,,,,,,,,,
700366,1002,Hudson Distributors,2025-06-30,3808.8,3865.4,Albany,RBOB,700366-1,75.4,60.0,,,,,,,,,,,,,,,,,,,,,,,,,,,,,,,,
700243,1003,Atlantic Distributors,2025-06-05,526.2,526.2,Providence,ULSD,700243-2,59.8,35.5,,,,,,,,,,,,,,,,,,,,,,,,,,,,,,,,
700369,1004,Colonial Distributors,2025-06-30,1475.2,1489.5,Providence,ULSD,700369-1,73.7,35.5,,,,,,,,,,,,,,,,,,,,,,,,,,,,,,,,
700179,1007,Sterling Distributors,2025-05-24,388.6,389.1,Providence,ULSD,700179-2,62.0,35.8,,,,,,,,,,,,,,,,,,,,,,,,,,,,,,,,
700275,1000,Sterling Oil Co,45820,4868.7,4903.5,Linden,RBOB,700275-3,67.5,60.9,,,,,,,,,,,,,,,,,,,,,,,,,,,,,,,,
700049, 1001 ,  Keystone Distributors ,2025-05-02,6360.2,6345.1,Providence  ,ULSD,700049-1,56.6,36.4,,,,,,,,,,,,,,,,,,,,,,,,,,,,,,,,
700110,1017,Vector Trading,45790,10025.6,9932.8,Albany,RBOB,700110-3,50.2,60.8,,,,,,,,,,,,,,,,,,,,,,,,,,,,,,,,
700166,1017,Vector Trading,2025-05-22,6097.6,6082.1,Albany,RBOB,700166-1,57.3,59.5,,,,,,,,,,,,,,,,,,,,,,,,,,,,,,,,
700339,1005,Granite Oil Co,2025-06-24,8214.0,8254.5,Providence,RBOB,700339-1,65.2,60.7,,,,,,,,,,,,,,,,,,,,,,,,,,,,,,,,
700071,1020,QuickStop Stations,2025-05-05,1607.0,1607.5,Linden,RBOB,700071-2,60.3,59.7,,,,,,,,,,,,,,,,,,,,,,,,,,,,,,,,
700177,1012,Cardinal Oil & Propane,2025-05-24,3315.9,3320.1,Linden,ULSD,700177-2,61.8,35.7,,,,,,,,,,,,,,,,,,,,,,,,,,,,,,,,
700256,1005,Granite Oil Co,2025-06-08,8470.6,8469.1,Providence,RBOB,700256-1,59.8,60.0,,,,,,,,,,,,,,,,,,,,,,,,,,,,,,,,
700003,1005,Granite Oil Co,2025-04-24,1575.0,1559.8,Providence,RBOB,700003-3,49.7,60.6,,,,,,,,,,,,,,,,,,,,,,,,,,,,,,,,
700246,1020,QuickStop Stations,2025-06-05,3335.2,3356.1,Linden,RBOB,700246-1,66.6,59.8,,,,,,,,,,,,,,,,,,,,,,,,,,,,,,,,
700370,1009,Snowbelt Oil & Propane,45838,6674.0,6717.2,Linden,ULSD,700370-2,69.2,36.6,,,,,,,,,,,,,,,,,,,,,,,,,,,,,,,,
700319,1007,Sterling Distributors,2025-06-20,1197.9,1210.4,Providence,ULSD,700319-1,74.7,35.5,,,,,,,,,,,,,,,,,,,,,,,,,,,,,,,,
700098, 1000 ,  Sterling Oil Co ,2025-05-10,1258.9,1249.1,Linden  ,RBOB,700098-2,51.8,59.2,,,,,,,,,,,,,,,,,,,,,,,,,,,,,,,,
700067,1008,Snowbelt Fuel Oil,2025-05-05,10246.4,10254.5,Providence,ULSHO,700067-1,61.1,34.2,,,,,,,,,,,,,,,,,,,,,,,,,,,,,,,,
700021, 1007 ,  Sterling Distributors ,2025-04-27,6915.7,6873.0,Providence  ,ULSD,700021-1,51.1,35.8,,,,,,,,,,,,,,,,,,,,,,,,,,,,,,,,
700157,1004,Colonial Distributors,2025-05-20,733.6,728.7,Providence,ULSD,700157-1,50.5,35.8,,,,,,,,,,,,,,,,,,,,,,,,,,,,,,,,
700219,1002,Hudson Distributors,2025-05-31,1663.1,1669.5,Albany,ULSD,700219-2,65.5,35.9,,,,,,,,,,,,,,,,,,,,,,,,,,,,,,,,
700358,1003,Atlantic Distributors,2025-06-28,3425.6,3449.0,Providence,RBOB,700358-3,67.2,61.0,,,,,,,,,,,,,,,,,,,,,,,,,,,,,,,,
700089,1011,Cardinal Heating Oil,2025-05-09,7144.4,7166.7,Linden,ULSD,700089-2,64.5,36.4,,,,,,,,,,,,,,,,,,,,,,,,,,,,,,,,
700146,1021,FuelExpress Retail,2025-05-19,2450.3,2446.1,Linden,RBOB,700146-1,58.2,59.9,,,,,,,,,,,,,,,,,,,,,,,,,,,,,,,,
700357, 1011 ,  Cardinal Heating Oil ,2025-06-28,61.0,61.5,Linden  ,ULSHO,700357-2,72.2,34.9,,,,,,,,,,,,,,,,,,,,,,,,,,,,,,,,
700124,1007,Sterling Distributors,2025-05-15,6130.7,6130.7,Providence,ULSD,700124-1,60.0,35.8,,,,,,,,,,,,,,,,,,,,,,,,,,,,,,,,
700298,1004,Colonial Distributors,2025-06-16,4288.9,4315.4,Providence,ULSD,700298-2,68.8,36.1,,,,,,,,,,,,,,,,,,,,,,,,,,,,,,,,
700301, 1020 ,  QuickStop Stations ,2025-06-17,5011.9,5061.6,Linden  ,RBOB,700301-2,70.3,59.8,,,,,,,,,,,,,,,,,,,,,,,,,,,,,,,,
700329, 1020 ,  QuickStop Stations ,2025-06-22,2405.7,2426.1,Linden  ,RBOB,700329-1,68.9,60.0,,,,,,,,,,,,,,,,,,,,,,,,,,,,,,,,
700289,1005,Granite Oil Co,2025-06-14,5424.1,5448.6,Providence,RBOB,700289-2,64.7,60.8,,,,,,,,,,,,,,,,,,,,,,,,,,,,,,,,
700127,1009,Snowbelt Oil & Propane,2025-05-15,9326.9,9321.4,Linden,ULSHO,700127-1,59.1,34.2,,,,,,,,,,,,,,,,,,,,,,,,,,,,,,,,
700032,1006,Liberty Fuels,2025-04-28,964.5,955.6,Providence,RBOB,700032-2,50.2,59.7,,,,,,,,,,,,,,,,,,,,,,,,,,,,,,,,
700209,1015,Apex Commodities,2025-05-29,8098.9,8086.8,Linden,ULSD,700209-1,57.9,36.4,,,,,,,,,,,,,,,,,,,,,,,,,,,,,,,,
700039,1023,RoadKing Mart,2025-04-30,5201.5,5171.2,Linden,ULSD,700039-1,51.6,35.5,,,,,,,,,,,,,,,,,,,,,,,,,,,,,,,,
700306,1021,FuelExpress Retail,2025-06-17,2257.7,2272.3,Linden,RBOB,700306-2,66.7,59.4,,,,,,,,,,,,,,,,,,,,,,,,,,,,,,,,
700077, 1002 ,  Hudson Distributors ,2025-05-06,5749.2,5730.5,Albany  ,RBOB,700077-2,56.6,59.4,,,,,,,,,,,,,,,,,,,,,,,,,,,,,,,,
700050,1006,Liberty Fuels,45779,4271.0,4248.6,Providence,ULSD,700050-1,52.5,36.5,,,,,,,,,,,,,,,,,,,,,,,,,,,,,,,,
700086,1021,FuelExpress Retail,2025-05-08,793.9,794.0,Linden,RBOB,700086-2,60.2,60.4,,,,,,,,,,,,,,,,,,,,,,,,,,,,,,,,
700253,1006,Liberty Fuels,2025-06-07,1286.9,1284.4,Providence,ULSD,700253-1,57.2,36.0,,,,,,,,,,,,,,,,,,,,,,,,,,,,,,,,
700088,1022,PitStop Markets,2025-05-09,4957.3,4952.1,Albany,RBOB,700088-1,58.9,59.6,,,,,,,,,,,,,,,,,,,,,,,,,,,,,,,,
700160,1000,Sterling Oil Co,45798,7421.4,7392.1,Linden,RBOB,700160-1,55.8,60.1,,,,,,,,,,,,,,,,,,,,,,,,,,,,,,,,
700334,1014,Spot Partners,2025-06-23,829.7,835.1,Albany,RBOB,700334-1,66.8,60.1,,,,,,,,,,,,,,,,,,,,,,,,,,,,,,,,
700183,1002,Hudson Distributors,2025-05-25,4398.1,4419.0,Albany,RBOB,700183-1,65.0,59.8,,,,,,,,,,,,,,,,,,,,,,,,,,,,,,,,
700051,1010,Hearth Fuel Oil,2025-05-02,10987.9,10927.1,Providence,ULSD,700051-2,52.0,36.2,,,,,,,,,,,,,,,,,,,,,,,,,,,,,,,,
700247,1008,Snowbelt Fuel Oil,2025-06-06,676.0,679.4,Providence,ULSHO,700247-3,67.0,34.4,,,,,,,,,,,,,,,,,,,,,,,,,,,,,,,,
700352,1009,Snowbelt Oil & Propane,2025-06-26,75.6,75.8,Linden,ULSD,700352-2,64.0,36.5,,,,,,,,,,,,,,,,,,,,,,,,,,,,,,,,
700306,1021,FuelExpress Retail,2025-06-17,638.8,642.9,Linden,RBOB,700306-1,66.7,59.4,,,,,,,,,,,,,,,,,,,,,,,,,,,,,,,,
700194,1007,Sterling Distributors,2025-05-27,1879.4,1884.7,Providence,ULSD,700194-2,64.1,36.0,,,,,,,,,,,,,,,,,,,,,,,,,,,,,,,,
700125,1002,Hudson Distributors,45792,3358.3,3350.5,Albany,ULSD,700125-3,56.7,36.2,,,,,,,,,,,,,,,,,,,,,,,,,,,,,,,,
700048,1013,Tactical Commodities,2025-05-02,9444.5,9403.8,Providence,RBOB,700048-1,55.4,60.0,,,,,,,,,,,,,,,,,,,,,,,,,,,,,,,,
700111,1008,Snowbelt Fuel Oil,2025-05-13,634.0,628.1,Providence,ULSHO,700111-1,46.6,33.9,,,,,,,,,,,,,,,,,,,,,,,,,,,,,,,,
700176,1008,Snowbelt Fuel Oil,2025-05-24,636.5,635.2,Providence,ULSHO,700176-3,56.9,35.3,,,,,,,,,,,,,,,,,,,,,,,,,,,,,,,,
700090,1004,Colonial Distributors,45786,4368.1,4368.5,Providence,ULSD,700090-1,60.1,36.2,,,,,,,,,,,,,,,,,,,,,,,,,,,,,,,,
700321,1006,Liberty Fuels,2025-06-20,4433.7,4476.5,Providence,RBOB,700321-2,70.1,59.8,,,,,,,,,,,,,,,,,,,,,,,,,,,,,,,,
700149,1000,Sterling Oil Co,2025-05-19,3110.6,3098.2,Linden,RBOB,700149-1,55.8,60.1,,,,,,,,,,,,,,,,,,,,,,,,,,,,,,,,
700315, 1004 ,  Colonial Distributors ,45827,4800.6,4837.8,Providence  ,ULSD,700315-2,71.0,37.0,,,,,,,,,,,,,,,,,,,,,,,,,,,,,,,,
700065,1001,Keystone Distributors,45782,1810.5,1809.7,Providence,ULSD,700065-2,59.3,36.1,,,,,,,,,,,,,,,,,,,,,,,,,,,,,,,,
700065,1001,Keystone Distributors,45782,1245.6,1245.0,Providence,ULSD,700065-3,59.3,36.1,,,,,,,,,,,,,,,,,,,,,,,,,,,,,,,,
700085,1020,QuickStop Stations,45785,2922.4,2926.5,Linden,RBOB,700085-2,61.5,59.8,,,,,,,,,,,,,,,,,,,,,,,,,,,,,,,,
700374,1005,Granite Oil Co,2025-07-01,1986.5,1986.1,Providence,RBOB,700374-1,59.8,60.7,,,,,,,,,,,,,,,,,,,,,,,,,,,,,,,,
700200,1022,PitStop Markets,45805,172.8,172.8,Albany,RBOB,700200-1,60.0,60.8,,,,,,,,,,,,,,,,,,,,,,,,,,,,,,,,
700302,1007,Sterling Distributors,2025-06-17,4844.9,4872.3,Providence,ULSD,700302-1,68.0,35.5,,,,,,,,,,,,,,,,,,,,,,,,,,,,,,,,
700205,1012,Cardinal Oil & Propane,45806,6567.8,6591.6,Linden,ULSHO,700205-2,65.1,35.8,,,,,,,,,,,,,,,,,,,,,,,,,,,,,,,,
700208,1017,Vector Trading,2025-05-29,200.0,200.0,Albany,RBOB,700208-2,59.6,59.7,,,,,,,,,,,,,,,,,,,,,,,,,,,,,,,,
700209,1015,Apex Commodities,2025-05-29,16971.9,16946.7,Linden,ULSD,700209-2,57.9,36.4,,,,,,,,,,,,,,,,,,,,,,,,,,,,,,,,
700245, 1007 ,  Sterling Distributors ,45813,3325.7,3335.3,Providence  ,ULSD,700245-1,64.1,35.7,,,,,,,,,,,,,,,,,,,,,,,,,,,,,,,,
700258,1000,Sterling Oil Co,2025-06-08,5226.0,5253.0,Linden,ULSD,700258-2,67.3,35.4,,,,,,,,,,,,,,,,,,,,,,,,,,,,,,,,
700085,1020,QuickStop Stations,45785,838.7,839.8,Linden,RBOB,700085-1,61.5,59.8,,,,,,,,,,,,,,,,,,,,,,,,,,,,,,,,
700165,1009,Snowbelt Oil & Propane,45799,4892.8,4902.8,Linden,ULSD,700165-2,62.9,35.7,,,,,,,,,,,,,,,,,,,,,,,,,,,,,,,,
700063, 1014 ,  Spot Partners ,2025-05-04,4246.2,4256.8,Albany  ,RBOB,700063-3,62.6,60.3,,,,,,,,,,,,,,,,,,,,,,,,,,,,,,,,
700083,1000,Sterling Oil Co,2025-05-07,7649.0,7631.8,Linden,ULSD,700083-1,56.8,34.7,,,,,,,,,,,,,,,,,,,,,,,,,,,,,,,,
700079,1015,Apex Commodities,2025-05-07,3984.8,3939.2,Linden,RBOB,700079-2,47.8,59.3,,,,,,,,,,,,,,,,,,,,,,,,,,,,,,,,
700259, 1007 ,  Sterling Distributors ,2025-06-08,4341.2,4338.7,Providence  ,ULSD,700259-1,59.2,35.9,,,,,,,,,,,,,,,,,,,,,,,,,,,,,,,,
700219,1002,Hudson Distributors,2025-05-31,5765.2,5787.6,Albany,ULSD,700219-1,65.5,35.9,,,,,,,,,,,,,,,,,,,,,,,,,,,,,,,,
700304,1022,PitStop Markets,2025-06-17,4654.0,4677.7,Albany,RBOB,700304-1,65.3,60.4,,,,,,,,,,,,,,,,,,,,,,,,,,,,,,,,
700188,1023,RoadKing Mart,2025-05-26,5878.6,5882.1,Linden,ULSD,700188-1,60.9,36.3,,,,,,,,,,,,,,,,,,,,,,,,,,,,,,,,
700014, 1009 ,  Snowbelt Oil & Propane ,2025-04-25,7211.0,7185.8,Linden  ,ULSHO,700014-3,55.0,35.6,,,,,,,,,,,,,,,,,,,,,,,,,,,,,,,,
700194,1007,Sterling Distributors,2025-05-27,2579.4,2586.7,Providence,ULSD,700194-3,64.1,36.0,,,,,,,,,,,,,,,,,,,,,,,,,,,,,,,,
700261,1021,FuelExpress Retail,2025-06-09,2141.3,2146.1,Linden,RBOB,700261-2,62.4,59.7,,,,,,,,,,,,,,,,,,,,,,,,,,,,,,,,
700009,1010,Hearth Fuel Oil,2025-04-24,1688.4,1679.9,Providence,ULSD,700009-2,52.8,35.5,,,,,,,,,,,,,,,,,,,,,,,,,,,,,,,,
700063, 1014 ,  Spot Partners ,2025-05-04,6545.6,6561.9,Albany  ,RBOB,700063-2,62.6,60.3,,,,,,,,,,,,,,,,,,,,,,,,,,,,,,,,
700349,1020,QuickStop Stations,2025-06-25,1115.7,1129.8,Linden,RBOB,700349-1,73.1,60.8,,,,,,,,,,,,,,,,,,,,,,,,,,,,,,,,
700001,1008,Snowbelt Fuel Oil,2025-04-24,3310.4,3283.2,Providence,ULSHO,700001-1,48.2,35.0,,,,,,,,,,,,,,,,,,,,,,,,,,,,,,,,
700227,1021,FuelExpress Retail,2025-06-02,324.8,325.1,Linden,RBOB,700227-1,60.9,59.5,,,,,,,,,,,,,,,,,,,,,,,,,,,,,,,,
700342,1013,Tactical Commodities,2025-06-24,2377.1,2383.5,Providence,RBOB,700342-1,62.8,60.5,,,,,,,,,,,,,,,,,,,,,,,,,,,,,,,,
700385, 1021 ,  FuelExpress Retail ,45841,1191.2,1202.3,Linden  ,RBOB,700385-2,69.7,59.6,,,,,,,,,,,,,,,,,,,,,,,,,,,,,,,,
700394,1022,PitStop Markets,2025-07-04,807.6,808.2,Albany,ULSD,700394-2,61.1,36.1,,,,,,,,,,,,,,,,,,,,,,,,,,,,,,,,
700275,1000,Sterling Oil Co,45820,1938.7,1952.5,Linden,RBOB,700275-2,67.5,60.9,,,,,,,,,,,,,,,,,,,,,,,,,,,,,,,,
700132,1010,Hearth Fuel Oil,2025-05-16,1185.8,1179.4,Providence,ULSD,700132-3,52.3,36.6,,,,,,,,,,,,,,,,,,,,,,,,,,,,,,,,
700392, 1004 ,  Colonial Distributors ,2025-07-04,794.9,795.0,Providence  ,ULSD,700392-1,60.2,36.7,,,,,,,,,,,,,,,,,,,,,,,,,,,,,,,,
700162,1007,Sterling Distributors,2025-05-21,54.5,54.6,Providence,ULSD,700162-2,61.2,35.7,,,,,,,,,,,,,,,,,,,,,,,,,,,,,,,,
700341,1002,Hudson Distributors,2025-06-24,3886.4,3901.3,Albany,RBOB,700341-2,64.0,59.6,,,,,,,,,,,,,,,,,,,,,,,,,,,,,,,,
700072,1012,Cardinal Oil & Propane,2025-05-05,8551.0,8529.3,Linden,ULSD,700072-1,56.4,36.4,,,,,,,,,,,,,,,,,,,,,,,,,,,,,,,,
700277,1002,Hudson Distributors,2025-06-13,4573.9,4616.1,Albany,RBOB,700277-1,69.6,59.7,,,,,,,,,,,,,,,,,,,,,,,,,,,,,,,,
700002,1021,FuelExpress Retail,2025-04-24,1230.5,1229.2,Linden,RBOB,700002-3,59.0,59.3,,,,,,,,,,,,,,,,,,,,,,,,,,,,,,,,
700246,1020,QuickStop Stations,2025-06-05,1376.4,1385.0,Linden,RBOB,700246-3,66.6,59.8,,,,,,,,,,,,,,,,,,,,,,,,,,,,,,,,
700167,1003,Atlantic Distributors,2025-05-22,1700.5,1705.9,Providence,ULSD,700167-3,64.5,35.9,,,,,,,,,,,,,,,,,,,,,,,,,,,,,,,,
700170,1005,Granite Oil Co,45799,5189.9,5218.8,Providence,RBOB,700170-2,65.8,60.2,,,,,,,,,,,,,,,,,,,,,,,,,,,,,,,,
700229,1022,PitStop Markets,2025-06-02,539.3,541.1,Albany,ULSD,700229-3,64.7,36.7,,,,,,,,,,,,,,,,,,,,,,,,,,,,,,,,
700174,1011,Cardinal Heating Oil,2025-05-23,3945.0,3949.0,Linden,ULSD,700174-2,61.5,36.2,,,,,,,,,,,,,,,,,,,,,,,,,,,,,,,,
700152,1016,Vector Partners,2025-05-19,6015.5,6038.1,Linden,RBOB,700152-1,63.9,59.6,,,,,,,,,,,,,,,,,,,,,,,,,,,,,,,,
700043,1021,FuelExpress Retail,2025-05-01,1250.1,1254.7,Linden,RBOB,700043-3,63.9,59.3,,,,,,,,,,,,,,,,,,,,,,,,,,,,,,,,
700354,1022,PitStop Markets,2025-06-27,1158.7,1167.5,Albany,RBOB,700354-2,67.9,59.3,,,,,,,,,,,,,,,,,,,,,,,,,,,,,,,,
700012,1023,RoadKing Mart,2025-04-25,6181.7,6186.2,Linden,ULSD,700012-2,61.1,35.5,,,,,,,,,,,,,,,,,,,,,,,,,,,,,,,,
700269,1001,Keystone Distributors,2025-06-10,4087.1,4110.1,Providence,ULSD,700269-1,68.0,35.7,,,,,,,,,,,,,,,,,,,,,,,,,,,,,,,,
700112, 1004 ,  Colonial Distributors ,2025-05-13,3605.0,3580.9,Providence  ,ULSD,700112-1,50.4,35.9,,,,,,,,,,,,,,,,,,,,,,,,,,,,,,,,
700304,1022,PitStop Markets,2025-06-17,1498.1,1505.7,Albany,RBOB,700304-3,65.3,60.4,,,,,,,,,,,,,,,,,,,,,,,,,,,,,,,,
700176,1008,Snowbelt Fuel Oil,2025-05-24,429.5,428.6,Providence,ULSHO,700176-2,56.9,35.3,,,,,,,,,,,,,,,,,,,,,,,,,,,,,,,,
700302,1007,Sterling Distributors,2025-06-17,1526.8,1535.4,Providence,ULSD,700302-2,68.0,35.5,,,,,,,,,,,,,,,,,,,,,,,,,,,,,,,,
700259, 1007 ,  Sterling Distributors ,2025-06-08,1720.0,1719.0,Providence  ,ULSD,700259-2,59.2,35.9,,,,,,,,,,,,,,,,,,,,,,,,,,,,,,,,
700186,1014,Spot Partners,2025-05-25,308.7,307.3,Albany,ULSD,700186-1,53.4,35.9,,,,,,,,,,,,,,,,,,,,,,,,,,,,,,,,
700255,1012,Cardinal Oil & Propane,45815,2186.1,2200.9,Linden,ULSD,700255-2,69.6,35.6,,,,,,,,,,,,,,,,,,,,,,,,,,,,,,,,
700078,1023,RoadKing Mart,2025-05-07,4691.5,4692.9,Linden,ULSD,700078-2,60.4,36.9,,,,,,,,,,,,,,,,,,,,,,,,,,,,,,,,
700006,1015,Apex Commodities,2025-04-24,1004.2,999.9,Linden,RBOB,700006-3,55.4,60.7,,,,,,,,,,,,,,,,,,,,,,,,,,,,,,,,
700090,1004,Colonial Distributors,45786,4223.9,4224.2,Providence,ULSD,700090-2,60.1,36.2,,,,,,,,,,,,,,,,,,,,,,,,,,,,,,,,
700047,1022,PitStop Markets,2025-05-01,1987.2,1973.4,Albany,ULSD,700047-2,50.0,36.6,,,,,,,,,,,,,,,,,,,,,,,,,,,,,,,,
700190,1000,Sterling Oil Co,45803,7066.4,7033.4,Linden,RBOB,700190-1,55.1,60.2,,,,,,,,,,,,,,,,,,,,,,,,,,,,,,,,
700086,1021,FuelExpress Retail,2025-05-08,127.1,127.1,Linden,RBOB,700086-1,60.2,60.4,,,,,,,,,,,,,,,,,,,,,,,,,,,,,,,,
700356,1005,Granite Oil Co,2025-06-28,765.8,770.5,Providence,RBOB,700356-2,66.5,60.5,,,,,,,,,,,,,,,,,,,,,,,,,,,,,,,,
700172,1010,Hearth Fuel Oil,2025-05-23,1163.8,1165.1,Providence,ULSD,700172-1,61.7,35.1,,,,,,,,,,,,,,,,,,,,,,,,,,,,,,,,
700034,1010,Hearth Fuel Oil,2025-04-29,10031.5,9958.3,Providence,ULSD,700034-1,49.5,36.1,,,,,,,,,,,,,,,,,,,,,,,,,,,,,,,,
700384,1000,Sterling Oil Co,2025-07-03,321.4,325.0,Linden,ULSD,700384-3,75.6,36.7,,,,,,,,,,,,,,,,,,,,,,,,,,,,,,,,
700273, 1016 ,  Vector Partners ,2025-06-11,449.4,452.2,Linden  ,RBOB,700273-1,66.5,59.5,,,,,,,,,,,,,,,,,,,,,,,,,,,,,,,,
700085,1020,QuickStop Stations,45785,1789.5,1792.0,Linden,RBOB,700085-3,61.5,59.8,,,,,,,,,,,,,,,,,,,,,,,,,,,,,,,,
700180,1004,Colonial Distributors,45801,6474.5,6452.8,Providence,ULSD,700180-2,55.2,35.7,,,,,,,,,,,,,,,,,,,,,,,,,,,,,,,,
700307,1009,Snowbelt Oil & Propane,2025-06-17,1425.4,1428.7,Linden,ULSD,700307-1,63.3,35.8,,,,,,,,,,,,,,,,,,,,,,,,,,,,,,,,
700220,1003,Atlantic Distributors,45808,1271.9,1275.9,Providence,ULSD,700220-1,64.4,36.2,,,,,,,,,,,,,,,,,,,,,,,,,,,,,,,,
700149,1000,Sterling Oil Co,2025-05-19,3329.3,3316.0,Linden,RBOB,700149-2,55.8,60.1,,,,,,,,,,,,,,,,,,,,,,,,,,,,,,,,
700022,1002,Hudson Distributors,2025-04-27,4436.5,4410.2,Albany,ULSD,700022-1,51.5,35.6,,,,,,,,,,,,,,,,,,,,,,,,,,,,,,,,
700183,1002,Hudson Distributors,2025-05-25,1765.9,1774.2,Albany,RBOB,700183-3,65.0,59.8,,,,,,,,,,,,,,,,,,,,,,,,,,,,,,,,
700170,1005,Granite Oil Co,45799,432.2,434.6,Providence,RBOB,700170-1,65.8,60.2,,,,,,,,,,,,,,,,,,,,,,,,,,,,,,,,
700280, 1009 ,  Snowbelt Oil & Propane ,45821,5432.7,5455.7,Linden  ,ULSHO,700280-3,66.0,34.6,,,,,,,,,,,,,,,,,,,,,,,,,,,,,,,,
700221,1013,Tactical Commodities,2025-05-31,4319.5,4340.1,Providence,RBOB,700221-3,65.0,59.9,,,,,,,,,,,,,,,,,,,,,,,,,,,,,,,,
700043,1021,FuelExpress Retail,2025-05-01,1527.1,1532.7,Linden,RBOB,700043-2,63.9,59.3,,,,,,,,,,,,,,,,,,,,,,,,,,,,,,,,
700382,1011,Cardinal Heating Oil,2025-07-02,611.9,610.5,Linden,ULSHO,700382-2,56.7,34.8,,,,,,,,,,,,,,,,,,,,,,,,,,,,,,,,
700013,1020,QuickStop Stations,2025-04-25,4111.0,4068.7,Linden,RBOB,700013-2,49.1,59.6,,,,,,,,,,,,,,,,,,,,,,,,,,,,,,,,
700220,1003,Atlantic Distributors,45808,2141.0,2147.6,Providence,ULSD,700220-2,64.4,36.2,,,,,,,,,,,,,,,,,,,,,,,,,,,,,,,,
700262,1003,Atlantic Distributors,2025-06-09,7053.8,7116.9,Providence,ULSD,700262-1,72.7,35.6,,,,,,,,,,,,,,,,,,,,,,,,,,,,,,,,
700290,1007,Sterling Distributors,45822,2137.2,2142.8,Providence,ULSD,700290-1,63.7,36.1,,,,,,,,,,,,,,,,,,,,,,,,,,,,,,,,
700285,1003,Atlantic Distributors,45821,29.1,29.5,Providence,RBOB,700285-1,74.1,59.6,,,,,,,,,,,,,,,,,,,,,,,,,,,,,,,,
700167,1003,Atlantic Distributors,2025-05-22,4005.7,4018.5,Providence,ULSD,700167-1,64.5,35.9,,,,,,,,,,,,,,,,,,,,,,,,,,,,,,,,
700123,1021,FuelExpress Retail,2025-05-15,1513.0,1506.8,Linden,RBOB,700123-1,55.7,59.6,,,,,,,,,,,,,,,,,,,,,,,,,,,,,,,,
700195,1010,Hearth Fuel Oil,45804,11306.5,11331.4,Providence,ULSD,700195-1,63.1,36.3,,,,,,,,,,,,,,,,,,,,,,,,,,,,,,,,
700131,1009,Snowbelt Oil & Propane,2025-05-16,4825.6,4798.9,Linden,ULSD,700131-2,52.1,35.6,,,,,,,,,,,,,,,,,,,,,,,,,,,,,,,,
700305,1003,Atlantic Distributors,45825,2177.8,2179.8,Providence,ULSD,700305-2,61.3,36.0,,,,,,,,,,,,,,,,,,,,,,,,,,,,,,,,
700234,1002,Hudson Distributors,2025-06-03,3010.2,3033.8,Albany,RBOB,700234-1,68.2,60.4,,,,,,,,,,,,,,,,,,,,,,,,,,,,,,,,
700399, 1005 ,  Granite Oil Co ,2025-07-06,5332.6,5355.3,Providence  ,RBOB,700399-2,64.4,59.4,,,,,,,,,,,,,,,,,,,,,,,,,,,,,,,,
700199,1002,Hudson Distributors,2025-05-28,7741.0,7762.3,Albany,RBOB,700199-1,62.9,59.9,,,,,,,,,,,,,,,,,,,,,,,,,,,,,,,,
700162,1007,Sterling Distributors,2025-05-21,1502.8,1504.0,Providence,ULSD,700162-1,61.2,35.7,,,,,,,,,,,,,,,,,,,,,,,,,,,,,,,,
700046,1012,Cardinal Oil & Propane,2025-05-01,2701.2,2700.3,Linden,ULSHO,700046-2,59.5,34.8,,,,,,,,,,,,,,,,,,,,,,,,,,,,,,,,
700035, 1019 ,  Anchor Marine Services ,45776,29190.7,29064.1,Providence  ,ULSD,700035-2,53.8,35.9,,,,,,,,,,,,,,,,,,,,,,,,,,,,,,,,
700396,1009,Snowbelt Oil & Propane,2025-07-05,4426.8,4425.6,Linden,ULSHO,700396-2,59.6,34.1,,,,,,,,,,,,,,,,,,,,,,,,,,,,,,,,
700073,1007,Sterling Distributors,2025-05-05,429.1,428.0,Providence,ULSD,700073-1,56.4,36.0,,,,,,,,,,,,,,,,,,,,,,,,,,,,,,,,
700062,1000,Sterling Oil Co,2025-05-04,496.9,492.1,Linden,ULSD,700062-3,46.3,35.9,,,,,,,,,,,,,,,,,,,,,,,,,,,,,,,,
700101,1005,Granite Oil Co,2025-05-10,977.6,971.2,Providence,RBOB,700101-1,53.1,60.1,,,,,,,,,,,,,,,,,,,,,,,,,,,,,,,,
700175, 1013 ,  Tactical Commodities ,45801,2801.2,2799.7,Providence  ,RBOB,700175-1,59.4,60.0,,,,,,,,,,,,,,,,,,,,,,,,,,,,,,,,
700091, 1001 ,  Keystone Distributors ,2025-05-09,1099.2,1098.6,Providence  ,ULSD,700091-3,59.2,37.2,,,,,,,,,,,,,,,,,,,,,,,,,,,,,,,,
700022,1002,Hudson Distributors,2025-04-27,368.2,366.0,Albany,ULSD,700022-3,51.5,35.6,,,,,,,,,,,,,,,,,,,,,,,,,,,,,,,,
700301, 1020 ,  QuickStop Stations ,2025-06-17,315.5,318.6,Linden  ,RBOB,700301-1,70.3,59.8,,,,,,,,,,,,,,,,,,,,,,,,,,,,,,,,
700177,1012,Cardinal Oil & Propane,2025-05-24,344.1,344.6,Linden,ULSD,700177-3,61.8,35.7,,,,,,,,,,,,,,,,,,,,,,,,,,,,,,,,
700233,1018,Mariner Shipping,2025-06-03,16860.7,16931.9,Linden,ULSD,700233-2,66.0,36.6,,,,,,,,,,,,,,,,,,,,,,,,,,,,,,,,
700252, 1011 ,  Cardinal Heating Oil ,2025-06-07,5122.6,5150.6,Linden  ,ULSHO,700252-1,67.8,35.1,,,,,,,,,,,,,,,,,,,,,,,,,,,,,,,,
700340,1003,Atlantic Distributors,45832,3460.5,3465.7,Providence,RBOB,700340-1,61.6,59.6,,,,,,,,,,,,,,,,,,,,,,,,,,,,,,,,
700260,1004,Colonial Distributors,45817,9067.9,9092.4,Providence,ULSD,700260-1,63.8,35.9,,,,,,,,,,,,,,,,,,,,,,,,,,,,,,,,
700150,1002,Hudson Distributors,45796,7118.3,7145.4,Albany,RBOB,700150-1,64.0,59.5,,,,,,,,,,,,,,,,,,,,,,,,,,,,,,,,
700070, 1021 ,  FuelExpress Retail ,45782,377.0,376.5,Linden  ,RBOB,700070-1,58.5,59.8,,,,,,,,,,,,,,,,,,,,,,,,,,,,,,,,
700173,1023,RoadKing Mart,2025-05-23,5776.6,5783.9,Linden,ULSD,700173-1,61.8,35.0,,,,,,,,,,,,,,,,,,,,,,,,,,,,,,,,
700068,1023,RoadKing Mart,2025-05-05,235.3,235.8,Linden,ULSD,700068-2,63.2,35.9,,,,,,,,,,,,,,,,,,,,,,,,,,,,,,,,
700386,1005,Granite Oil Co,2025-07-03,8560.0,8581.7,Providence,RBOB,700386-1,62.7,60.4,,,,,,,,,,,,,,,,,,,,,,,,,,,,,,,,
700116,1001,Keystone Distributors,2025-05-13,3890.4,3870.6,Providence,ULSD,700116-3,52.7,36.0,,,,,,,,,,,,,,,,,,,,,,,,,,,,,,,,
700137,1013,Tactical Commodities,2025-05-17,1407.6,1402.2,Providence,RBOB,700137-2,56.0,59.0,,,,,,,,,,,,,,,,,,,,,,,,,,,,,,,,
700392, 1004 ,  Colonial Distributors ,2025-07-04,146.6,146.6,Providence  ,ULSD,700392-3,60.2,36.7,,,,,,,,,,,,,,,,,,,,,,,,,,,,,,,,
700057,1002,Hudson Distributors,2025-05-03,3188.9,3178.5,Albany,ULSD,700057-1,55.3,36.1,,,,,,,,,,,,,,,,,,,,,,,,,,,,,,,,
700344,1021,FuelExpress Retail,2025-06-25,1652.8,1668.5,Linden,RBOB,700344-1,69.9,60.8,,,,,,,,,,,,,,,,,,,,,,,,,,,,,,,,
700117,1022,PitStop Markets,2025-05-13,4682.2,4628.2,Albany,RBOB,700117-1,47.7,59.8,,,,,,,,,,,,,,,,,,,,,,,,,,,,,,,,
700357, 1011 ,  Cardinal Heating Oil ,2025-06-28,5703.4,5752.5,Linden  ,ULSHO,700357-1,72.2,34.9,,,,,,,,,,,,,,,,,,,,,,,,,,,,,,,,
700154, 1011 ,  Cardinal Heating Oil ,2025-05-19,1434.9,1436.2,Linden  ,ULSD,700154-2,61.2,35.3,,,,,,,,,,,,,,,,,,,,,,,,,,,,,,,,
700140, 1020 ,  QuickStop Stations ,45794,2042.2,2035.5,Linden  ,RBOB,700140-3,56.5,59.8,,,,,,,,,,,,,,,,,,,,,,,,,,,,,,,,
700069,1022,PitStop Markets,2025-05-05,71.7,71.2,Albany,RBOB,700069-1,53.1,60.6,,,,,,,,,,,,,,,,,,,,,,,,,,,,,,,,
700210, 1004 ,  Colonial Distributors ,45806,5813.0,5833.1,Providence  ,ULSD,700210-1,64.9,35.9,,,,,,,,,,,,,,,,,,,,,,,,,,,,,,,,
700359,1007,Sterling Distributors,2025-06-28,7011.8,7030.1,Providence,ULSD,700359-1,63.7,35.5,,,,,,,,,,,,,,,,,,,,,,,,,,,,,,,,
700017,1010,Hearth Fuel Oil,2025-04-26,10645.0,10602.5,Providence,ULSD,700017-2,54.3,35.3,,,,,,,,,,,,,,,,,,,,,,,,,,,,,,,,
700074,1010,Hearth Fuel Oil,2025-05-06,6260.1,6205.4,Providence,ULSD,700074-1,47.4,36.0,,,,,,,,,,,,,,,,,,,,,,,,,,,,,,,,
700156,1012,Cardinal Oil & Propane,2025-05-20,9856.7,9789.9,Linden,ULSD,700156-1,50.3,35.9,,,,,,,,,,,,,,,,,,,,,,,,,,,,,,,,
700137,1013,Tactical Commodities,2025-05-17,22763.6,22677.3,Providence,RBOB,700137-1,56.0,59.0,,,,,,,,,,,,,,,,,,,,,,,,,,,,,,,,
700110,1017,Vector Trading,45790,1148.7,1138.0,Albany,RBOB,700110-2,50.2,60.8,,,,,,,,,,,,,,,,,,,,,,,,,,,,,,,,
700239,1010,Hearth Fuel Oil,2025-06-04,2984.5,2987.8,Providence,ULSD,700239-1,61.6,36.1,,,,,,,,,,,,,,,,,,,,,,,,,,,,,,,,
700103,1012,Cardinal Oil & Propane,2025-05-11,635.9,633.4,Linden,ULSD,700103-2,54.6,35.1,,,,,,,,,,,,,,,,,,,,,,,,,,,,,,,,
700267,1002,Hudson Distributors,2025-06-10,8113.3,8171.9,Albany,RBOB,700267-1,67.5,60.3,,,,,,,,,,,,,,,,,,,,,,,,,,,,,,,,
700323,1003,Atlantic Distributors,2025-06-21,8.7,8.8,Providence,RBOB,700323-1,69.0,59.1,,,,,,,,,,,,,,,,,,,,,,,,,,,,,,,,
700125,1002,Hudson Distributors,45792,4298.8,4288.8,Albany,ULSD,700125-1,56.7,36.2,,,,,,,,,,,,,,,,,,,,,,,,,,,,,,,,
700176,1008,Snowbelt Fuel Oil,2025-05-24,5755.9,5743.6,Providence,ULSHO,700176-1,56.9,35.3,,,,,,,,,,,,,,,,,,,,,,,,,,,,,,,,
700200,1022,PitStop Markets,45805,3142.6,3142.6,Albany,RBOB,700200-3,60.0,60.8,,,,,,,,,,,,,,,,,,,,,,,,,,,,,,,,
700347,1015,Apex Commodities,2025-06-25,10471.6,10503.7,Linden,RBOB,700347-1,63.2,60.1,,,,,,,,,,,,,,,,,,,,,,,,,,,,,,,,
700107,1023,RoadKing Mart,2025-05-12,1989.7,1973.1,Linden,ULSD,700107-2,48.0,35.4,,,,,,,,,,,,,,,,,,,,,,,,,,,,,,,,
700151,1008,Snowbelt Fuel Oil,2025-05-19,1202.5,1201.1,Providence,ULSHO,700151-2,58.4,35.4,,,,,,,,,,,,,,,,,,,,,,,,,,,,,,,,
700313,1000,Sterling Oil Co,2025-06-19,413.9,413.7,Linden,RBOB,700313-2,59.4,59.5,,,,,,,,,,,,,,,,,,,,,,,,,,,,,,,,
700040,1004,Colonial Distributors,45777,2879.7,2875.5,Providence,ULSD,700040-2,57.9,36.1,,,,,,,,,,,,,,,,,,,,,,,,,,,,,,,,
700057,1002,Hudson Distributors,2025-05-03,4489.8,4475.1,Albany,ULSD,700057-2,55.3,36.1,,,,,,,,,,,,,,,,,,,,,,,,,,,,,,,,
700291,1008,Snowbelt Fuel Oil,2025-06-14,5883.9,5918.9,Providence,ULSHO,700291-3,68.5,35.5,,,,,,,,,,,,,,,,,,,,,,,,,,,,,,,,
700388,1023,RoadKing Mart,2025-07-03,2810.4,2821.4,Linden,ULSD,700388-1,65.6,35.6,,,,,,,,,,,,,,,,,,,,,,,,,,,,,,,,
700007, 1006 ,  Liberty Fuels ,2025-04-24,2051.4,2037.5,Providence  ,RBOB,700007-2,52.8,60.0,,,,,,,,,,,,,,,,,,,,,,,,,,,,,,,,
700225,1007,Sterling Distributors,45809,756.0,760.5,Providence,ULSD,700225-3,68.4,36.3,,,,,,,,,,,,,,,,,,,,,,,,,,,,,,,,
700050,1006,Liberty Fuels,45779,4294.2,4271.8,Providence,ULSD,700050-2,52.5,36.5,,,,,,,,,,,,,,,,,,,,,,,,,,,,,,,,
700048,1013,Tactical Commodities,2025-05-02,4611.9,4592.0,Providence,RBOB,700048-2,55.4,60.0,,,,,,,,,,,,,,,,,,,,,,,,,,,,,,,,
700230,1023,RoadKing Mart,45810,2848.0,2856.7,Linden,ULSD,700230-1,64.4,36.0,,,,,,,,,,,,,,,,,,,,,,,,,,,,,,,,
700056, 1004 ,  Colonial Distributors ,2025-05-03,5576.4,5562.9,Providence  ,ULSD,700056-2,56.5,36.5,,,,,,,,,,,,,,,,,,,,,,,,,,,,,,,,
700123,1021,FuelExpress Retail,2025-05-15,144.9,144.3,Linden,RBOB,700123-2,55.7,59.6,,,,,,,,,,,,,,,,,,,,,,,,,,,,,,,,
700296,1014,Spot Partners,2025-06-16,5116.7,5112.7,Albany,RBOB,700296-1,59.2,60.9,,,,,,,,,,,,,,,,,,,,,,,,,,,,,,,,
700128,1023,RoadKing Mart,2025-05-15,4188.8,4190.9,Linden,ULSD,700128-1,60.7,36.4,,,,,,,,,,,,,,,,,,,,,,,,,,,,,,,,
700292,1022,PitStop Markets,2025-06-14,766.4,768.9,Albany,ULSD,700292-3,64.6,36.4,,,,,,,,,,,,,,,,,,,,,,,,,,,,,,,,
700082,1003,Atlantic Distributors,2025-05-07,2486.9,2475.6,Providence,ULSD,700082-3,53.5,37.2,,,,,,,,,,,,,,,,,,,,,,,,,,,,,,,,
700244,1005,Granite Oil Co,2025-06-05,7875.7,7844.2,Providence,RBOB,700244-1,55.8,60.1,,,,,,,,,,,,,,,,,,,,,,,,,,,,,,,,
700340,1003,Atlantic Distributors,45832,3558.2,3563.6,Providence,RBOB,700340-3,61.6,59.6,,,,,,,,,,,,,,,,,,,,,,,,,,,,,,,,
700333,1019,Anchor Marine Services,2025-06-23,67843.8,68705.2,Providence,ULSD,700333-2,77.9,36.2,,,,,,,,,,,,,,,,,,,,,,,,,,,,,,,,
700008,1014,Spot Partners,2025-04-24,8058.0,8010.9,Albany,RBOB,700008-1,53.8,59.6,,,,,,,,,,,,,,,,,,,,,,,,,,,,,,,,
700353,1000,Sterling Oil Co,2025-06-27,7068.9,7112.9,Linden,RBOB,700353-1,66.5,60.1,,,,,,,,,,,,,,,,,,,,,,,,,,,,,,,,
700066,1004,Colonial Distributors,2025-05-05,6916.1,6895.9,Providence,ULSD,700066-2,55.8,36.3,,,,,,,,,,,,,,,,,,,,,,,,,,,,,,,,
700290,1007,Sterling Distributors,45822,2391.3,2397.6,Providence,ULSD,700290-3,63.7,36.1,,,,,,,,,,,,,,,,,,,,,,,,,,,,,,,,
700140, 1020 ,  QuickStop Stations ,45794,2470.2,2462.1,Linden  ,RBOB,700140-2,56.5,59.8,,,,,,,,,,,,,,,,,,,,,,,,,,,,,,,,
700223,1005,Granite Oil Co,2025-06-01,4383.3,4418.9,Providence,RBOB,700223-2,68.5,59.3,,,,,,,,,,,,,,,,,,,,,,,,,,,,,,,,
700362,1012,Cardinal Oil & Propane,2025-06-29,1540.5,1545.0,Linden,ULSD,700362-2,64.1,36.0,,,,,,,,,,,,,,,,,,,,,,,,,,,,,,,,
700161, 1023 ,  RoadKing Mart ,2025-05-21,2960.7,2949.6,Linden  ,ULSD,700161-1,54.6,35.9,,,,,,,,,,,,,,,,,,,,,,,,,,,,,,,,
700409,1003,Atlantic Distributors,45821,-3747.4,-3798.4,Providence,RBOB,700409-1,74.1,59.6,,,,,,,,,,,,,,,,,,,,,,,,,,,,,,,,
700336, 1016 ,  Vector Partners ,2025-06-24,133.6,133.7,Linden  ,RBOB,700336-3,60.4,59.4,,,,,,,,,,,,,,,,,,,,,,,,,,,,,,,,
700277,1002,Hudson Distributors,2025-06-13,2842.5,2868.8,Albany,RBOB,700277-2,69.6,59.7,,,,,,,,,,,,,,,,,,,,,,,,,,,,,,,,
700093,1002,Hudson Distributors,2025-05-09,8899.3,8904.1,Albany,ULSD,700093-1,60.8,36.1,,,,,,,,,,,,,,,,,,,,,,,,,,,,,,,,
700096,1016,Vector Partners,2025-05-10,7421.2,7395.3,Linden,RBOB,700096-1,56.3,59.8,,,,,,,,,,,,,,,,,,,,,,,,,,,,,,,,
700211,1007,Sterling Distributors,2025-05-29,30.8,30.8,Providence,ULSD,700211-1,57.9,36.6,,,,,,,,,,,,,,,,,,,,,,,,,,,,,,,,
700264,1020,QuickStop Stations,2025-06-09,2756.1,2794.4,Linden,RBOB,700264-2,74.4,59.6,,,,,,,,,,,,,,,,,,,,,,,,,,,,,,,,
700197,1009,Snowbelt Oil & Propane,2025-05-27,3873.5,3885.6,Linden,ULSD,700197-1,64.5,35.9,,,,,,,,,,,,,,,,,,,,,,,,,,,,,,,,
700213,1011,Cardinal Heating Oil,2025-05-30,11145.4,11192.5,Linden,ULSD,700213-1,66.0,36.1,,,,,,,,,,,,,,,,,,,,,,,,,,,,,,,,
700189, 1004 ,  Colonial Distributors ,2025-05-26,8846.2,8840.9,Providence  ,ULSD,700189-1,59.1,35.6,,,,,,,,,,,,,,,,,,,,,,,,,,,,,,,,
700330,1007,Sterling Distributors,45831,3635.2,3650.7,Providence,ULSD,700330-1,66.1,36.3,,,,,,,,,,,,,,,,,,,,,,,,,,,,,,,,
700307,1009,Snowbelt Oil & Propane,2025-06-17,4849.3,4860.4,Linden,ULSD,700307-2,63.3,35.8,,,,,,,,,,,,,,,,,,,,,,,,,,,,,,,,
700043,1021,FuelExpress Retail,2025-05-01,361.3,362.6,Linden,RBOB,700043-1,63.9,59.3,,,,,,,,,,,,,,,,,,,,,,,,,,,,,,,,
700290,1007,Sterling Distributors,45822,1611.0,1615.2,Providence,ULSD,700290-2,63.7,36.1,,,,,,,,,,,,,,,,,,,,,,,,,,,,,,,,
700323,1003,Atlantic Distributors,2025-06-21,7075.1,7135.8,Providence,RBOB,700323-2,69.0,59.1,,,,,,,,,,,,,,,,,,,,,,,,,,,,,,,,
700400,1021,FuelExpress Retail,45844,2081.4,2088.1,Linden,RBOB,700400-1,63.4,61.0,,,,,,,,,,,,,,,,,,,,,,,,,,,,,,,,
700335,1023,RoadKing Mart,45831,1680.7,1683.8,Linden,ULSD,700335-2,62.6,35.4,,,,,,,,,,,,,,,,,,,,,,,,,,,,,,,,
700373,1008,Snowbelt Fuel Oil,2025-06-30,4242.9,4261.7,Providence,ULSHO,700373-1,66.3,34.2,,,,,,,,,,,,,,,,,,,,,,,,,,,,,,,,
700216,1023,RoadKing Mart,2025-05-30,355.4,355.6,Linden,ULSD,700216-3,60.9,35.1,,,,,,,,,,,,,,,,,,,,,,,,,,,,,,,,
700303,1002,Hudson Distributors,2025-06-17,909.1,914.4,Albany,RBOB,700303-2,66.1,59.5,,,,,,,,,,,,,,,,,,,,,,,,,,,,,,,,
700284,1020,QuickStop Stations,2025-06-13,2505.4,2516.5,Linden,RBOB,700284-1,64.7,60.3,,,,,,,,,,,,,,,,,,,,,,,,,,,,,,,,
700037,1007,Sterling Distributors,2025-04-30,5647.7,5647.2,Providence,ULSD,700037-1,59.9,35.2,,,,,,,,,,,,,,,,,,,,,,,,,,,,,,,,
700271,1008,Snowbelt Fuel Oil,2025-06-11,2172.1,2178.7,Providence,ULSHO,700271-2,64.3,35.2,,,,,,,,,,,,,,,,,,,,,,,,,,,,,,,,
700042, 1003 ,  Atlantic Distributors ,2025-04-30,6897.5,6846.6,Providence  ,ULSD,700042-1,49.4,36.8,,,,,,,,,,,,,,,,,,,,,,,,,,,,,,,,
700058,1008,Snowbelt Fuel Oil,2025-05-03,7198.3,7174.5,Providence,ULSHO,700058-1,55.3,34.7,,,,,,,,,,,,,,,,,,,,,,,,,,,,,,,,
700410,1008,Snowbelt Fuel Oil,45787,-1901.3,-1902.8,Providence,ULSHO,700410-1,61.1,33.9,,,,,,,,,,,,,,,,,,,,,,,,,,,,,,,,
700317,1002,Hudson Distributors,2025-06-20,8026.9,8064.6,Albany,ULSD,700317-2,66.7,36.9,,,,,,,,,,,,,,,,,,,,,,,,,,,,,,,,
700283,1004,Colonial Distributors,2025-06-13,4793.1,4820.0,Providence,ULSD,700283-1,68.0,35.4,,,,,,,,,,,,,,,,,,,,,,,,,,,,,,,,
700350, 1023 ,  RoadKing Mart ,45834,607.6,608.5,Linden  ,ULSD,700350-1,62.3,36.0,,,,,,,,,,,,,,,,,,,,,,,,,,,,,,,,
700378, 1003 ,  Atlantic Distributors ,2025-07-01,5733.5,5751.5,Providence  ,RBOB,700378-1,63.3,59.5,,,,,,,,,,,,,,,,,,,,,,,,,,,,,,,,
700316,1023,RoadKing Mart,2025-06-19,3159.2,3169.3,Linden,ULSD,700316-3,64.6,35.2,,,,,,,,,,,,,,,,,,,,,,,,,,,,,,,,
700248,1022,PitStop Markets,2025-06-06,938.6,940.1,Albany,RBOB,700248-3,61.6,60.2,,,,,,,,,,,,,,,,,,,,,,,,,,,,,,,,
700402,1010,Hearth Fuel Oil,2025-06-18,-7450.4,-7457.6,Providence,ULSD,700402-1,61.4,36.0,,,,,,,,,,,,,,,,,,,,,,,,,,,,,,,,
700340,1003,Atlantic Distributors,45832,134.6,134.8,Providence,RBOB,700340-2,61.6,59.6,,,,,,,,,,,,,,,,,,,,,,,,,,,,,,,,
700185,1009,Snowbelt Oil & Propane,45802,8821.2,8831.6,Linden,ULSD,700185-1,61.7,36.5,,,,,,,,,,,,,,,,,,,,,,,,,,,,,,,,
700038,1000,Sterling Oil Co,2025-04-30,611.0,607.3,Linden,RBOB,700038-2,53.6,59.3,,,,,,,,,,,,,,,,,,,,,,,,,,,,,,,,
700278,1023,RoadKing Mart,2025-06-13,2389.8,2404.1,Linden,ULSD,700278-1,68.5,35.9,,,,,,,,,,,,,,,,,,,,,,,,,,,,,,,,
700084, 1006 ,  Liberty Fuels ,2025-05-07,3252.8,3230.6,Providence  ,RBOB,700084-2,52.8,59.9,,,,,,,,,,,,,,,,,,,,,,,,,,,,,,,,
700005,1000,Sterling Oil Co,45771,7292.9,7264.5,Linden,RBOB,700005-1,55.9,59.9,,,,,,,,,,,,,,,,,,,,,,,,,,,,,,,,
700077, 1002 ,  Hudson Distributors ,2025-05-06,2640.5,2631.9,Albany  ,RBOB,700077-1,56.6,59.4,,,,,,,,,,,,,,,,,,,,,,,,,,,,,,,,
700263,1015,Apex Commodities,2025-06-09,3302.2,3324.1,Linden,ULSD,700263-2,69.4,36.5,,,,,,,,,,,,,,,,,,,,,,,,,,,,,,,,
700221,1013,Tactical Commodities,2025-05-31,1403.8,1410.5,Providence,RBOB,700221-1,65.0,59.9,,,,,,,,,,,,,,,,,,,,,,,,,,,,,,,,
700091, 1001 ,  Keystone Distributors ,2025-05-09,4237.5,4235.2,Providence  ,ULSD,700091-1,59.2,37.2,,,,,,,,,,,,,,,,,,,,,,,,,,,,,,,,
700226,1020,QuickStop Stations,2025-06-02,4159.1,4160.9,Linden,RBOB,700226-1,60.5,60.1,,,,,,,,,,,,,,,,,,,,,,,,,,,,,,,,
700264,1020,QuickStop Stations,2025-06-09,1510.8,1531.8,Linden,RBOB,700264-3,74.4,59.6,,,,,,,,,,,,,,,,,,,,,,,,,,,,,,,,
700351,1004,Colonial Distributors,2025-06-26,6621.3,6639.9,Providence,ULSD,700351-1,64.0,36.3,,,,,,,,,,,,,,,,,,,,,,,,,,,,,,,,
700380,1020,QuickStop Stations,45840,3130.8,3152.4,Linden,RBOB,700380-3,67.2,59.6,,,,,,,,,,,,,,,,,,,,,,,,,,,,,,,,
700120,1015,Apex Commodities,45791,10416.6,10333.7,Linden,RBOB,700120-1,51.6,59.9,,,,,,,,,,,,,,,,,,,,,,,,,,,,,,,,
700109,1021,FuelExpress Retail,2025-05-12,1655.9,1635.9,Linden,RBOB,700109-3,47.1,59.2,,,,,,,,,,,,,,,,,,,,,,,,,,,,,,,,
700076,1005,Granite Oil Co,2025-05-06,9214.8,9141.3,Providence,RBOB,700076-1,51.5,59.5,,,,,,,,,,,,,,,,,,,,,,,,,,,,,,,,
700264,1020,QuickStop Stations,2025-06-09,1153.2,1169.3,Linden,RBOB,700264-1,74.4,59.6,,,,,,,,,,,,,,,,,,,,,,,,,,,,,,,,
700408,1001,Keystone Distributors,45842,-5913.6,-5953.3,Providence,ULSD,700408-1,69.5,35.8,,,,,,,,,,,,,,,,,,,,,,,,,,,,,,,,
700152,1016,Vector Partners,2025-05-19,12283.6,12329.7,Linden,RBOB,700152-2,63.9,59.6,,,,,,,,,,,,,,,,,,,,,,,,,,,,,,,,
700221,1013,Tactical Commodities,2025-05-31,10703.7,10754.8,Providence,RBOB,700221-2,65.0,59.9,,,,,,,,,,,,,,,,,,,,,,,,,,,,,,,,
700308, 1011 ,  Cardinal Heating Oil ,2025-06-17,6267.9,6279.9,Linden  ,ULSHO,700308-1,62.7,35.0,,,,,,,,,,,,,,,,,,,,,,,,,,,,,,,,
700374,1005,Granite Oil Co,2025-07-01,2504.3,2503.8,Providence,RBOB,700374-3,59.8,60.7,,,,,,,,,,,,,,,,,,,,,,,,,,,,,,,,
700004,1002,Hudson Distributors,2025-04-24,7667.9,7628.4,Albany,RBOB,700004-1,54.5,60.3,,,,,,,,,,,,,,,,,,,,,,,,,,,,,,,,
700082,1003,Atlantic Distributors,2025-05-07,3981.2,3963.0,Providence,ULSD,700082-2,53.5,37.2,,,,,,,,,,,,,,,,,,,,,,,,,,,,,,,,
700273, 1016 ,  Vector Partners ,2025-06-11,10224.8,10288.4,Linden  ,RBOB,700273-2,66.5,59.5,,,,,,,,,,,,,,,,,,,,,,,,,,,,,,,,
700257,1010,Hearth Fuel Oil,2025-06-08,1942.2,1955.6,Providence,ULSD,700257-2,69.8,35.9,,,,,,,,,,,,,,,,,,,,,,,,,,,,,,,,
700224, 1014 ,  Spot Partners ,2025-06-01,4703.9,4712.6,Albany  ,ULSD,700224-2,62.6,35.7,,,,,,,,,,,,,,,,,,,,,,,,,,,,,,,,
700136,1007,Sterling Distributors,2025-05-17,1733.4,1731.3,Providence,ULSD,700136-2,58.3,36.4,,,,,,,,,,,,,,,,,,,,,,,,,,,,,,,,
700235,1011,Cardinal Heating Oil,45811,1378.8,1383.8,Linden,ULSHO,700235-1,65.2,35.5,,,,,,,,,,,,,,,,,,,,,,,,,,,,,,,,
700291,1008,Snowbelt Fuel Oil,2025-06-14,849.8,854.8,Providence,ULSHO,700291-2,68.5,35.5,,,,,,,,,,,,,,,,,,,,,,,,,,,,,,,,
700174,1011,Cardinal Heating Oil,2025-05-23,7700.9,7708.9,Linden,ULSD,700174-1,61.5,36.2,,,,,,,,,,,,,,,,,,,,,,,,,,,,,,,,
700131,1009,Snowbelt Oil & Propane,2025-05-16,3288.8,3270.7,Linden,ULSD,700131-3,52.1,35.6,,,,,,,,,,,,,,,,,,,,,,,,,,,,,,,,
700328,1017,Vector Trading,2025-06-22,4805.4,4846.2,Albany,RBOB,700328-1,68.9,60.4,,,,,,,,,,,,,,,,,,,,,,,,,,,,,,,,
700342,1013,Tactical Commodities,2025-06-24,4591.7,4603.9,Providence,RBOB,700342-2,62.8,60.5,,,,,,,,,,,,,,,,,,,,,,,,,,,,,,,,
700283,1004,Colonial Distributors,2025-06-13,3558.5,3578.4,Providence,ULSD,700283-2,68.0,35.4,,,,,,,,,,,,,,,,,,,,,,,,,,,,,,,,
700109,1021,FuelExpress Retail,2025-05-12,176.3,174.2,Linden,RBOB,700109-1,47.1,59.2,,,,,,,,,,,,,,,,,,,,,,,,,,,,,,,,
700147, 1014 ,  Spot Partners ,2025-05-19,1632.3,1630.4,Albany  ,ULSD,700147-3,58.3,36.3,,,,,,,,,,,,,,,,,,,,,,,,,,,,,,,,
700001,1008,Snowbelt Fuel Oil,2025-04-24,6310.7,6259.0,Providence,ULSHO,700001-2,48.2,35.0,,,,,,,,,,,,,,,,,,,,,,,,,,,,,,,,
700175, 1013 ,  Tactical Commodities ,45801,23068.4,23055.7,Providence  ,RBOB,700175-2,59.4,60.0,,,,,,,,,,,,,,,,,,,,,,,,,,,,,,,,
700137,1013,Tactical Commodities,2025-05-17,591.0,588.7,Providence,RBOB,700137-3,56.0,59.0,,,,,,,,,,,,,,,,,,,,,,,,,,,,,,,,
700136,1007,Sterling Distributors,2025-05-17,4063.2,4058.3,Providence,ULSD,700136-1,58.3,36.4,,,,,,,,,,,,,,,,,,,,,,,,,,,,,,,,
700331,1010,Hearth Fuel Oil,2025-06-23,3233.1,3249.8,Providence,ULSD,700331-1,67.4,35.2,,,,,,,,,,,,,,,,,,,,,,,,,,,,,,,,
700333,1019,Anchor Marine Services,2025-06-23,95149.3,96357.3,Providence,ULSD,700333-1,77.9,36.2,,,,,,,,,,,,,,,,,,,,,,,,,,,,,,,,
700052,1023,RoadKing Mart,2025-05-02,51.6,51.3,Linden,ULSD,700052-2,54.1,36.0,,,,,,,,,,,,,,,,,,,,,,,,,,,,,,,,
700390,1001,Keystone Distributors,45842,5913.6,5953.3,Providence,ULSD,700390-1,69.5,35.8,,,,,,,,,,,,,,,,,,,,,,,,,,,,,,,,
700022,1002,Hudson Distributors,2025-04-27,3771.7,3749.3,Albany,ULSD,700022-2,51.5,35.6,,,,,,,,,,,,,,,,,,,,,,,,,,,,,,,,
700364, 1009 ,  Snowbelt Oil & Propane ,2025-06-29,5722.3,5753.0,Linden  ,ULSD,700364-1,67.6,35.4,,,,,,,,,,,,,,,,,,,,,,,,,,,,,,,,
700406,1005,Granite Oil Co,2025-05-10,-7298.8,-7251.4,Providence,RBOB,700406-1,53.1,60.1,,,,,,,,,,,,,,,,,,,,,,,,,,,,,,,,
700336, 1016 ,  Vector Partners ,2025-06-24,4660.3,4662.0,Linden  ,RBOB,700336-2,60.4,59.4,,,,,,,,,,,,,,,,,,,,,,,,,,,,,,,,
700316,1023,RoadKing Mart,2025-06-19,1318.5,1322.7,Linden,ULSD,700316-1,64.6,35.2,,,,,,,,,,,,,,,,,,,,,,,,,,,,,,,,
700023,1003,Atlantic Distributors,2025-04-27,4552.1,4518.0,Providence,RBOB,700023-2,52.0,60.1,,,,,,,,,,,,,,,,,,,,,,,,,,,,,,,,
700084, 1006 ,  Liberty Fuels ,2025-05-07,736.4,731.3,Providence  ,RBOB,700084-3,52.8,59.9,,,,,,,,,,,,,,,,,,,,,,,,,,,,,,,,
700316,1023,RoadKing Mart,2025-06-19,2384.6,2392.2,Linden,ULSD,700316-2,64.6,35.2,,,,,,,,,,,,,,,,,,,,,,,,,,,,,,,,
700148,1010,Hearth Fuel Oil,2025-05-19,5123.0,5095.2,Providence,ULSD,700148-1,52.2,35.5,,,,,,,,,,,,,,,,,,,,,,,,,,,,,,,,
700297,1023,RoadKing Mart,2025-06-16,1381.9,1382.6,Linden,ULSD,700297-3,60.7,36.4,,,,,,,,,,,,,,,,,,,,,,,,,,,,,,,,
700361,1020,QuickStop Stations,2025-06-28,4507.0,4541.1,Linden,RBOB,700361-1,67.9,59.4,,,,,,,,,,,,,,,,,,,,,,,,,,,,,,,,
700384,1000,Sterling Oil Co,2025-07-03,5187.7,5244.8,Linden,ULSD,700384-2,75.6,36.7,,,,,,,,,,,,,,,,,,,,,,,,,,,,,,,,
700291,1008,Snowbelt Fuel Oil,2025-06-14,448.1,450.7,Providence,ULSHO,700291-1,68.5,35.5,,,,,,,,,,,,,,,,,,,,,,,,,,,,,,,,
700162,1007,Sterling Distributors,2025-05-21,4148.5,4151.9,Providence,ULSD,700162-3,61.2,35.7,,,,,,,,,,,,,,,,,,,,,,,,,,,,,,,,
700119, 1020 ,  QuickStop Stations ,2025-05-14,6103.7,6057.4,Linden  ,RBOB,700119-1,52.0,59.9,,,,,,,,,,,,,,,,,,,,,,,,,,,,,,,,
700334,1014,Spot Partners,2025-06-23,9122.8,9182.3,Albany,RBOB,700334-2,66.8,60.1,,,,,,,,,,,,,,,,,,,,,,,,,,,,,,,,
700041,1005,Granite Oil Co,2025-04-30,1034.3,1033.3,Providence,RBOB,700041-3,59.0,61.0,,,,,,,,,,,,,,,,,,,,,,,,,,,,,,,,
700318,1011,Cardinal Heating Oil,2025-06-20,3132.9,3159.7,Linden,ULSD,700318-1,72.1,36.2,,,,,,,,,,,,,,,,,,,,,,,,,,,,,,,,
700395,1007,Sterling Distributors,45843,6616.1,6637.3,Providence,ULSD,700395-1,64.6,35.1,,,,,,,,,,,,,,,,,,,,,,,,,,,,,,,,
700128,1023,RoadKing Mart,2025-05-15,2042.6,2043.6,Linden,ULSD,700128-2,60.7,36.4,,,,,,,,,,,,,,,,,,,,,,,,,,,,,,,,
700242,1021,FuelExpress Retail,2025-06-05,341.2,342.6,Linden,RBOB,700242-3,64.5,60.1,,,,,,,,,,,,,,,,,,,,,,,,,,,,,,,,
700047,1022,PitStop Markets,2025-05-01,2407.3,2390.6,Albany,ULSD,700047-1,50.0,36.6,,,,,,,,,,,,,,,,,,,,,,,,,,,,,,,,
700239,1010,Hearth Fuel Oil,2025-06-04,4764.1,4769.5,Providence,ULSD,700239-2,61.6,36.1,,,,,,,,,,,,,,,,,,,,,,,,,,,,,,,,
700116,1001,Keystone Distributors,2025-05-13,831.7,827.5,Providence,ULSD,700116-2,52.7,36.0,,,,,,,,,,,,,,,,,,,,,,,,,,,,,,,,
700170,1005,Granite Oil Co,45799,2651.2,2666.1,Providence,RBOB,700170-3,65.8,60.2,,,,,,,,,,,,,,,,,,,,,,,,,,,,,,,,
700120,1015,Apex Commodities,45791,1442.0,1430.5,Linden,RBOB,700120-3,51.6,59.9,,,,,,,,,,,,,,,,,,,,,,,,,,,,,,,,
700297,1023,RoadKing Mart,2025-06-16,3280.5,3282.2,Linden,ULSD,700297-2,60.7,36.4,,,,,,,,,,,,,,,,,,,,,,,,,,,,,,,,
700242,1021,FuelExpress Retail,2025-06-05,771.6,774.9,Linden,RBOB,700242-2,64.5,60.1,,,,,,,,,,,,,,,,,,,,,,,,,,,,,,,,
700360,1006,Liberty Fuels,45836,7104.3,7178.4,Providence,ULSD,700360-1,74.8,36.2,,,,,,,,,,,,,,,,,,,,,,,,,,,,,,,,
700352,1009,Snowbelt Oil & Propane,2025-06-26,9148.7,9174.2,Linden,ULSD,700352-1,64.0,36.5,,,,,,,,,,,,,,,,,,,,,,,,,,,,,,,,
700302,1007,Sterling Distributors,2025-06-17,1764.2,1774.1,Providence,ULSD,700302-3,68.0,35.5,,,,,,,,,,,,,,,,,,,,,,,,,,,,,,,,
700218,1010,Hearth Fuel Oil,2025-05-30,7479.4,7483.9,Providence,ULSD,700218-2,60.9,35.9,,,,,,,,,,,,,,,,,,,,,,,,,,,,,,,,
700094,1010,Hearth Fuel Oil,2025-05-09,9312.2,9324.1,Providence,ULSD,700094-1,61.8,36.6,,,,,,,,,,,,,,,,,,,,,,,,,,,,,,,,
700310,1005,Granite Oil Co,45826,5391.0,5440.9,Providence,RBOB,700310-2,69.6,59.8,,,,,,,,,,,,,,,,,,,,,,,,,,,,,,,,
700171,1002,Hudson Distributors,2025-05-22,2097.8,2091.9,Albany,ULSD,700171-1,55.9,36.6,,,,,,,,,,,,,,,,,,,,,,,,,,,,,,,,
700225,1007,Sterling Distributors,45809,481.1,483.9,Providence,ULSD,700225-2,68.4,36.3,,,,,,,,,,,,,,,,,,,,,,,,,,,,,,,,
700026,1022,PitStop Markets,2025-04-28,4905.8,4878.5,Albany,ULSD,700026-2,52.0,36.1,,,,,,,,,,,,,,,,,,,,,,,,,,,,,,,,
700003,1005,Granite Oil Co,2025-04-24,3966.4,3928.1,Providence,RBOB,700003-1,49.7,60.6,,,,,,,,,,,,,,,,,,,,,,,,,,,,,,,,
700268,1023,RoadKing Mart,2025-06-10,4525.9,4558.3,Linden,ULSD,700268-1,70.1,36.1,,,,,,,,,,,,,,,,,,,,,,,,,,,,,,,,
700121,1005,Granite Oil Co,2025-05-14,1580.8,1569.8,Providence,RBOB,700121-1,52.6,60.4,,,,,,,,,,,,,,,,,,,,,,,,,,,,,,,,
700247,1008,Snowbelt Fuel Oil,2025-06-06,5179.3,5204.7,Providence,ULSHO,700247-2,67.0,34.4,,,,,,,,,,,,,,,,,,,,,,,,,,,,,,,,
700366,1002,Hudson Distributors,2025-06-30,1918.1,1946.6,Albany,RBOB,700366-2,75.4,60.0,,,,,,,,,,,,,,,,,,,,,,,,,,,,,,,,
700252, 1011 ,  Cardinal Heating Oil ,2025-06-07,1727.5,1736.9,Linden  ,ULSHO,700252-2,67.8,35.1,,,,,,,,,,,,,,,,,,,,,,,,,,,,,,,,
700365,1001,Keystone Distributors,45837,2890.7,2905.3,Providence,ULSD,700365-1,67.2,37.1,,,,,,,,,,,,,,,,,,,,,,,,,,,,,,,,
700059,1017,Vector Trading,2025-05-03,12454.1,12360.3,Albany,RBOB,700059-1,52.0,59.7,,,,,,,,,,,,,,,,,,,,,,,,,,,,,,,,
700227,1021,FuelExpress Retail,2025-06-02,328.6,328.9,Linden,RBOB,700227-3,60.9,59.5,,,,,,,,,,,,,,,,,,,,,,,,,,,,,,,,
700248,1022,PitStop Markets,2025-06-06,2755.2,2759.5,Albany,RBOB,700248-1,61.6,60.2,,,,,,,,,,,,,,,,,,,,,,,,,,,,,,,,
700324,1021,FuelExpress Retail,2025-06-21,2305.1,2339.0,Linden,RBOB,700324-1,75.3,59.7,,,,,,,,,,,,,,,,,,,,,,,,,,,,,,,,
700006,1015,Apex Commodities,2025-04-24,7714.2,7680.8,Linden,RBOB,700006-1,55.4,60.7,,,,,,,,,,,,,,,,,,,,,,,,,,,,,,,,
700099,1009,Snowbelt Oil & Propane,2025-05-10,4728.0,4698.2,Linden,ULSHO,700099-2,51.0,34.9,,,,,,,,,,,,,,,,,,,,,,,,,,,,,,,,
700144,1018,Mariner Shipping,2025-05-18,6536.9,6499.6,Linden,ULSD,700144-3,51.8,35.4,,,,,,,,,,,,,,,,,,,,,,,,,,,,,,,,
700014, 1009 ,  Snowbelt Oil & Propane ,2025-04-25,3042.9,3032.3,Linden  ,ULSHO,700014-1,55.0,35.6,,,,,,,,,,,,,,,,,,,,,,,,,,,,,,,,
700087,1007,Sterling Distributors,2025-05-08,4332.2,4305.8,Providence,ULSD,700087-2,51.2,34.9,,,,,,,,,,,,,,,,,,,,,,,,,,,,,,,,
700092,1013,Tactical Commodities,2025-05-09,13012.7,12983.5,Providence,RBOB,700092-2,57.6,60.3,,,,,,,,,,,,,,,,,,,,,,,,,,,,,,,,
700055,1016,Vector Partners,45779,4374.1,4320.6,Linden,RBOB,700055-1,47.0,60.4,,,,,,,,,,,,,,,,,,,,,,,,,,,,,,,,
700103,1012,Cardinal Oil & Propane,2025-05-11,9887.1,9849.7,Linden,ULSD,700103-1,54.6,35.1,,,,,,,,,,,,,,,,,,,,,,,,,,,,,,,,
700251,1023,RoadKing Mart,2025-06-07,5377.2,5400.4,Linden,ULSD,700251-1,66.1,35.8,,,,,,,,,,,,,,,,,,,,,,,,,,,,,,,,
700324,1021,FuelExpress Retail,2025-06-21,32.2,32.7,Linden,RBOB,700324-2,75.3,59.7,,,,,,,,,,,,,,,,,,,,,,,,,,,,,,,,
700394,1022,PitStop Markets,2025-07-04,3818.8,3821.7,Albany,ULSD,700394-1,61.1,36.1,,,,,,,,,,,,,,,,,,,,,,,,,,,,,,,,
700377,1017,Vector Trading,2025-07-01,5827.5,5874.7,Albany,RBOB,700377-1,68.5,59.7,,,,,,,,,,,,,,,,,,,,,,,,,,,,,,,,
700193,1001,Keystone Distributors,2025-05-26,1027.4,1028.1,Providence,ULSD,700193-1,61.0,35.5,,,,,,,,,,,,,,,,,,,,,,,,,,,,,,,,
700337,1012,Cardinal Oil & Propane,2025-06-24,5273.0,5334.6,Linden,ULSD,700337-1,76.5,35.8,,,,,,,,,,,,,,,,,,,,,,,,,,,,,,,,
700358,1003,Atlantic Distributors,2025-06-28,2054.3,2068.4,Providence,RBOB,700358-2,67.2,61.0,,,,,,,,,,,,,,,,,,,,,,,,,,,,,,,,
700324,1021,FuelExpress Retail,2025-06-21,437.2,443.7,Linden,RBOB,700324-3,75.3,59.7,,,,,,,,,,,,,,,,,,,,,,,,,,,,,,,,
700234,1002,Hudson Distributors,2025-06-03,1709.7,1723.1,Albany,RBOB,700234-3,68.2,60.4,,,,,,,,,,,,,,,,,,,,,,,,,,,,,,,,
700215,1020,QuickStop Stations,45807,4967.9,4987.7,Linden,RBOB,700215-1,64.2,60.6,,,,,,,,,,,,,,,,,,,,,,,,,,,,,,,,
700070, 1021 ,  FuelExpress Retail ,45782,1545.5,1543.3,Linden  ,RBOB,700070-3,58.5,59.8,,,,,,,,,,,,,,,,,,,,,,,,,,,,,,,,
700020,1012,Cardinal Oil & Propane,45774,13867.4,13730.3,Linden,ULSHO,700020-1,45.7,34.8,,,,,,,,,,,,,,,,,,,,,,,,,,,,,,,,
700223,1005,Granite Oil Co,2025-06-01,25.4,25.6,Providence,RBOB,700223-3,68.5,59.3,,,,,,,,,,,,,,,,,,,,,,,,,,,,,,,,
700111,1008,Snowbelt Fuel Oil,2025-05-13,8786.6,8704.7,Providence,ULSHO,700111-2,46.6,33.9,,,,,,,,,,,,,,,,,,,,,,,,,,,,,,,,
700281,1013,Tactical Commodities,2025-06-13,3002.7,3039.0,Providence,RBOB,700281-2,72.6,60.9,,,,,,,,,,,,,,,,,,,,,,,,,,,,,,,,
700286,1011,Cardinal Heating Oil,2025-06-13,9137.7,9197.7,Linden,ULSHO,700286-1,69.3,34.9,,,,,,,,,,,,,,,,,,,,,,,,,,,,,,,,
700242,1021,FuelExpress Retail,2025-06-05,1156.3,1161.3,Linden,RBOB,700242-1,64.5,60.1,,,,,,,,,,,,,,,,,,,,,,,,,,,,,,,,
700233,1018,Mariner Shipping,2025-06-03,115814.2,116303.2,Linden,ULSD,700233-1,66.0,36.6,,,,,,,,,,,,,,,,,,,,,,,,,,,,,,,,
700133, 1004 ,  Colonial Distributors ,2025-05-16,1518.0,1508.0,Providence  ,ULSD,700133-2,50.5,36.5,,,,,,,,,,,,,,,,,,,,,,,,,,,,,,,,
700017,1010,Hearth Fuel Oil,2025-04-26,3635.7,3621.2,Providence,ULSD,700017-1,54.3,35.3,,,,,,,,,,,,,,,,,,,,,,,,,,,,,,,,
700159,1020,QuickStop Stations,2025-05-21,2961.7,2978.5,Linden,RBOB,700159-2,65.9,59.9,,,,,,,,,,,,,,,,,,,,,,,,,,,,,,,,
700141,1023,RoadKing Mart,2025-05-18,7342.2,7314.2,Linden,ULSD,700141-1,54.5,36.7,,,,,,,,,,,,,,,,,,,,,,,,,,,,,,,,
700319,1007,Sterling Distributors,2025-06-20,3033.4,3064.9,Providence,ULSD,700319-2,74.7,35.5,,,,,,,,,,,,,,,,,,,,,,,,,,,,,,,,
700327,1009,Snowbelt Oil & Propane,2025-06-22,3311.4,3313.4,Linden,ULSHO,700327-2,60.9,34.6,,,,,,,,,,,,,,,,,,,,,,,,,,,,,,,,
700313,1000,Sterling Oil Co,2025-06-19,3155.4,3153.5,Linden,RBOB,700313-1,59.4,59.5,,,,,,,,,,,,,,,,,,,,,,,,,,,,,,,,
700205,1012,Cardinal Oil & Propane,45806,2731.1,2741.0,Linden,ULSHO,700205-1,65.1,35.8,,,,,,,,,,,,,,,,,,,,,,,,,,,,,,,,
700060,1005,Granite Oil Co,45780,8122.5,8066.0,Providence,RBOB,700060-1,52.6,60.5,,,,,,,,,,,,,,,,,,,,,,,,,,,,,,,,
700383,1012,Cardinal Oil & Propane,2025-07-03,3538.2,3556.7,Linden,ULSHO,700383-2,67.4,35.4,,,,,,,,,,,,,,,,,,,,,,,,,,,,,,,,
700266, 1022 ,  PitStop Markets ,2025-06-10,1809.4,1811.1,Albany  ,RBOB,700266-1,61.0,59.5,,,,,,,,,,,,,,,,,,,,,,,,,,,,,,,,
700025,1008,Snowbelt Fuel Oil,45774,9944.1,9860.5,Providence,ULSHO,700025-1,47.9,35.2,,,,,,,,,,,,,,,,,,,,,,,,,,,,,,,,
700106,1011,Cardinal Heating Oil,2025-05-12,711.7,706.4,Linden,ULSD,700106-2,49.2,36.0,,,,,,,,,,,,,,,,,,,,,,,,,,,,,,,,
700375,1007,Sterling Distributors,45839,690.8,691.7,Providence,ULSD,700375-2,61.8,35.9,,,,,,,,,,,,,,,,,,,,,,,,,,,,,,,,
700317,1002,Hudson Distributors,2025-06-20,1196.8,1202.5,Albany,ULSD,700317-1,66.7,36.9,,,,,,,,,,,,,,,,,,,,,,,,,,,,,,,,
700010,1003,Atlantic Distributors,45771,1811.9,1794.9,Providence,RBOB,700010-1,50.0,60.0,,,,,,,,,,,,,,,,,,,,,,,,,,,,,,,,
700208,1017,Vector Trading,2025-05-29,2000.2,1999.4,Albany,RBOB,700208-3,59.6,59.7,,,,,,,,,,,,,,,,,,,,,,,,,,,,,,,,
700046,1012,Cardinal Oil & Propane,2025-05-01,4081.9,4080.6,Linden,ULSHO,700046-1,59.5,34.8,,,,,,,,,,,,,,,,,,,,,,,,,,,,,,,,
700070, 1021 ,  FuelExpress Retail ,45782,114.7,114.5,Linden  ,RBOB,700070-2,58.5,59.8,,,,,,,,,,,,,,,,,,,,,,,,,,,,,,,,
700216,1023,RoadKing Mart,2025-05-30,117.2,117.2,Linden,ULSD,700216-2,60.9,35.1,,,,,,,,,,,,,,,,,,,,,,,,,,,,,,,,
700370,1009,Snowbelt Oil & Propane,45838,1457.4,1466.9,Linden,ULSD,700370-1,69.2,36.6,,,,,,,,,,,,,,,,,,,,,,,,,,,,,,,,
700346,1008,Snowbelt Fuel Oil,2025-06-25,1521.4,1533.9,Providence,ULSHO,700346-2,71.7,34.9,,,,,,,,,,,,,,,,,,,,,,,,,,,,,,,,
700147, 1014 ,  Spot Partners ,2025-05-19,3516.3,3512.2,Albany  ,ULSD,700147-2,58.3,36.3,,,,,,,,,,,,,,,,,,,,,,,,,,,,,,,,
700068,1023,RoadKing Mart,2025-05-05,279.7,280.3,Linden,ULSD,700068-1,63.2,35.9,,,,,,,,,,,,,,,,,,,,,,,,,,,,,,,,
700015,1018,Mariner Shipping,45773,56200.9,56130.9,Linden,ULSD,700015-2,58.2,36.7,,,,,,,,,,,,,,,,,,,,,,,,,,,,,,,,
700263,1015,Apex Commodities,2025-06-09,528.4,531.9,Linden,ULSD,700263-1,69.4,36.5,,,,,,,,,,,,,,,,,,,,,,,,,,,,,,,,
700009,1010,Hearth Fuel Oil,2025-04-24,13962.8,13893.0,Providence,ULSD,700009-1,52.8,35.5,,,,,,,,,,,,,,,,,,,,,,,,,,,,,,,,
700375,1007,Sterling Distributors,45839,1337.0,1338.7,Providence,ULSD,700375-3,61.8,35.9,,,,,,,,,,,,,,,,,,,,,,,,,,,,,,,,
700113,1014,Spot Partners,2025-05-13,7948.5,7901.6,Albany,ULSD,700113-2,51.5,35.8,,,,,,,,,,,,,,,,,,,,,,,,,,,,,,,,
0,9999,EDI CONTROL,2024-01-01,0.0,0.0,,ZZZ,,,,,,,,,,,,,,,,,,,,,,,,,,,,,,,,,,,
700245, 1007 ,  Sterling Distributors ,45813,2455.5,2462.6,Providence  ,ULSD,700245-2,64.1,35.7,,,,,,,,,,,,,,,,,,,,,,,,,,,,,,,,
700181,1020,QuickStop Stations,2025-05-24,3119.2,3108.8,Linden,RBOB,700181-2,56.5,58.8,,,,,,,,,,,,,,,,,,,,,,,,,,,,,,,,
700330,1007,Sterling Distributors,45831,3202.0,3215.6,Providence,ULSD,700330-2,66.1,36.3,,,,,,,,,,,,,,,,,,,,,,,,,,,,,,,,
700116,1001,Keystone Distributors,2025-05-13,1075.1,1069.7,Providence,ULSD,700116-1,52.7,36.0,,,,,,,,,,,,,,,,,,,,,,,,,,,,,,,,
700051,1010,Hearth Fuel Oil,2025-05-02,1672.8,1663.5,Providence,ULSD,700051-1,52.0,36.2,,,,,,,,,,,,,,,,,,,,,,,,,,,,,,,,
700079,1015,Apex Commodities,2025-05-07,9595.6,9485.8,Linden,RBOB,700079-3,47.8,59.3,,,,,,,,,,,,,,,,,,,,,,,,,,,,,,,,
700399, 1005 ,  Granite Oil Co ,2025-07-06,2847.9,2859.9,Providence  ,RBOB,700399-1,64.4,59.4,,,,,,,,,,,,,,,,,,,,,,,,,,,,,,,,
700164,1021,FuelExpress Retail,2025-05-22,1095.2,1090.0,Linden,RBOB,700164-1,54.9,59.7,,,,,,,,,,,,,,,,,,,,,,,,,,,,,,,,
700229,1022,PitStop Markets,2025-06-02,4771.2,4787.0,Albany,ULSD,700229-2,64.7,36.7,,,,,,,,,,,,,,,,,,,,,,,,,,,,,,,,
700371, 1022 ,  PitStop Markets ,2025-06-30,4826.8,4855.0,Albany  ,ULSD,700371-3,68.3,36.1,,,,,,,,,,,,,,,,,,,,,,,,,,,,,,,,
700265,1014,Spot Partners,45818,2846.4,2866.1,Albany,ULSD,700265-1,69.8,36.3,,,,,,,,,,,,,,,,,,,,,,,,,,,,,,,,
700143,1005,Granite Oil Co,2025-05-18,580.8,583.3,Providence,RBOB,700143-2,64.6,59.9,,,,,,,,,,,,,,,,,,,,,,,,,,,,,,,,
700294, 1002 ,  Hudson Distributors ,2025-06-15,9436.9,9460.5,Albany  ,RBOB,700294-1,62.6,59.6,,,,,,,,,,,,,,,,,,,,,,,,,,,,,,,,
700382,1011,Cardinal Heating Oil,2025-07-02,2164.7,2159.8,Linden,ULSHO,700382-1,56.7,34.8,,,,,,,,,,,,,,,,,,,,,,,,,,,,,,,,
700304,1022,PitStop Markets,2025-06-17,804.2,808.3,Albany,RBOB,700304-2,65.3,60.4,,,,,,,,,,,,,,,,,,,,,,,,,,,,,,,,
700178,1022,PitStop Markets,2025-05-24,3329.5,3320.6,Albany,RBOB,700178-2,57.2,59.9,,,,,,,,,,,,,,,,,,,,,,,,,,,,,,,,
700193,1001,Keystone Distributors,2025-05-26,5453.5,5457.3,Providence,ULSD,700193-2,61.0,35.5,,,,,,,,,,,,,,,,,,,,,,,,,,,,,,,,
700208,1017,Vector Trading,2025-05-29,2516.2,2515.3,Albany,RBOB,700208-1,59.6,59.7,,,,,,,,,,,,,,,,,,,,,,,,,,,,,,,,
700349,1020,QuickStop Stations,2025-06-25,1853.3,1876.7,Linden,RBOB,700349-3,73.1,60.8,,,,,,,,,,,,,,,,,,,,,,,,,,,,,,,,
700132,1010,Hearth Fuel Oil,2025-05-16,6579.6,6544.4,Providence,ULSD,700132-2,52.3,36.6,,,,,,,,,,,,,,,,,,,,,,,,,,,,,,,,
700040,1004,Colonial Distributors,45777,3155.8,3151.2,Providence,ULSD,700040-1,57.9,36.1,,,,,,,,,,,,,,,,,,,,,,,,,,,,,,,,
700101,1005,Granite Oil Co,2025-05-10,7298.8,7251.4,Providence,RBOB,700101-2,53.1,60.1,,,,,,,,,,,,,,,,,,,,,,,,,,,,,,,,
700246,1020,QuickStop Stations,2025-06-05,1128.0,1135.1,Linden,RBOB,700246-2,66.6,59.8,,,,,,,,,,,,,,,,,,,,,,,,,,,,,,,,
700073,1007,Sterling Distributors,2025-05-05,4532.8,4521.3,Providence,ULSD,700073-2,56.4,36.0,,,,,,,,,,,,,,,,,,,,,,,,,,,,,,,,
700250,1009,Snowbelt Oil & Propane,45815,9251.1,9329.8,Linden,ULSHO,700250-1,72.1,34.8,,,,,,,,,,,,,,,,,,,,,,,,,,,,,,,,
700385, 1021 ,  FuelExpress Retail ,45841,1986.8,2005.3,Linden  ,RBOB,700385-1,69.7,59.6,,,,,,,,,,,,,,,,,,,,,,,,,,,,,,,,
700279,1021,FuelExpress Retail,2025-06-13,3214.3,3240.3,Linden,RBOB,700279-1,68.4,60.4,,,,,,,,,,,,,,,,,,,,,,,,,,,,,,,,
700235,1011,Cardinal Heating Oil,45811,2718.3,2728.3,Linden,ULSHO,700235-2,65.2,35.5,,,,,,,,,,,,,,,,,,,,,,,,,,,,,,,,
700105, 1003 ,  Atlantic Distributors ,45788,5232.3,5184.7,Providence  ,RBOB,700105-1,50.3,60.7,,,,,,,,,,,,,,,,,,,,,,,,,,,,,,,,
700161, 1023 ,  RoadKing Mart ,2025-05-21,3862.5,3847.9,Linden  ,ULSD,700161-2,54.6,35.9,,,,,,,,,,,,,,,,,,,,,,,,,,,,,,,,
700148,1010,Hearth Fuel Oil,2025-05-19,1017.5,1012.0,Providence,ULSD,700148-3,52.2,35.5,,,,,,,,,,,,,,,,,,,,,,,,,,,,,,,,
700099,1009,Snowbelt Oil & Propane,2025-05-10,1247.5,1239.7,Linden,ULSHO,700099-1,51.0,34.9,,,,,,,,,,,,,,,,,,,,,,,,,,,,,,,,
700381,1006,Liberty Fuels,2025-07-02,3719.7,3735.5,Providence,ULSD,700381-2,66.0,36.6,,,,,,,,,,,,,,,,,,,,,,,,,,,,,,,,
700063, 1014 ,  Spot Partners ,2025-05-04,309.5,310.2,Albany  ,RBOB,700063-1,62.6,60.3,,,,,,,,,,,,,,,,,,,,,,,,,,,,,,,,
700095,1023,RoadKing Mart,45786,7841.6,7841.2,Linden,ULSD,700095-1,59.9,35.8,,,,,,,,,,,,,,,,,,,,,,,,,,,,,,,,
700080,1012,Cardinal Oil & Propane,45784,6043.9,6032.8,Linden,ULSHO,700080-1,57.4,35.7,,,,,,,,,,,,,,,,,,,,,,,,,,,,,,,,
700168, 1006 ,  Liberty Fuels ,2025-05-22,6272.2,6274.9,Providence  ,RBOB,700168-1,60.4,59.4,,,,,,,,,,,,,,,,,,,,,,,,,,,,,,,,
700349,1020,QuickStop Stations,2025-06-25,1875.3,1899.0,Linden,RBOB,700349-2,73.1,60.8,,,,,,,,,,,,,,,,,,,,,,,,,,,,,,,,
700023,1003,Atlantic Distributors,2025-04-27,1920.1,1905.7,Providence,RBOB,700023-1,52.0,60.1,,,,,,,,,,,,,,,,,,,,,,,,,,,,,,,,
700228,1000,Sterling Oil Co,2025-06-02,2140.5,2142.2,Linden,ULSD,700228-1,61.1,36.6,,,,,,,,,,,,,,,,,,,,,,,,,,,,,,,,
700392, 1004 ,  Colonial Distributors ,2025-07-04,7434.0,7435.1,Providence  ,ULSD,700392-2,60.2,36.7,,,,,,,,,,,,,,,,,,,,,,,,,,,,,,,,
700003,1005,Granite Oil Co,2025-04-24,98.3,97.4,Providence,RBOB,700003-2,49.7,60.6,,,,,,,,,,,,,,,,,,,,,,,,,,,,,,,,
700130,1000,Sterling Oil Co,45792,7131.5,7130.1,Linden,RBOB,700130-1,59.8,60.2,,,,,,,,,,,,,,,,,,,,,,,,,,,,,,,,
700041,1005,Granite Oil Co,2025-04-30,7590.3,7582.9,Providence,RBOB,700041-2,59.0,61.0,,,,,,,,,,,,,,,,,,,,,,,,,,,,,,,,
700260,1004,Colonial Distributors,45817,458.8,460.0,Providence,ULSD,700260-2,63.8,35.9,,,,,,,,,,,,,,,,,,,,,,,,,,,,,,,,
700203, 1005 ,  Granite Oil Co ,2025-05-28,6652.9,6684.3,Providence  ,RBOB,700203-1,64.9,60.2,,,,,,,,,,,,,,,,,,,,,,,,,,,,,,,,
700223,1005,Granite Oil Co,2025-06-01,1686.7,1700.4,Providence,RBOB,700223-1,68.5,59.3,,,,,,,,,,,,,,,,,,,,,,,,,,,,,,,,
700038,1000,Sterling Oil Co,2025-04-30,1332.9,1324.8,Linden,RBOB,700038-1,53.6,59.3,,,,,,,,,,,,,,,,,,,,,,,,,,,,,,,,
700086,1021,FuelExpress Retail,2025-05-08,2292.5,2292.9,Linden,RBOB,700086-3,60.2,60.4,,,,,,,,,,,,,,,,,,,,,,,,,,,,,,,,
700365,1001,Keystone Distributors,45837,2583.8,2596.9,Providence,ULSD,700365-2,67.2,37.1,,,,,,,,,,,,,,,,,,,,,,,,,,,,,,,,
700281,1013,Tactical Commodities,2025-06-13,1137.5,1151.2,Providence,RBOB,700281-1,72.6,60.9,,,,,,,,,,,,,,,,,,,,,,,,,,,,,,,,
700186,1014,Spot Partners,2025-05-25,479.8,477.6,Albany,ULSD,700186-3,53.4,35.9,,,,,,,,,,,,,,,,,,,,,,,,,,,,,,,,
700177,1012,Cardinal Oil & Propane,2025-05-24,4010.9,4016.1,Linden,ULSD,700177-1,61.8,35.7,,,,,,,,,,,,,,,,,,,,,,,,,,,,,,,,
700295,1000,Sterling Oil Co,45824,6526.6,6543.4,Linden,ULSD,700295-1,63.6,36.4,,,,,,,,,,,,,,,,,,,,,,,,,,,,,,,,
700271,1008,Snowbelt Fuel Oil,2025-06-11,4203.4,4216.2,Providence,ULSHO,700271-1,64.3,35.2,,,,,,,,,,,,,,,,,,,,,,,,,,,,,,,,
700207,1021,FuelExpress Retail,2025-05-29,2664.8,2665.3,Linden,RBOB,700207-2,60.2,60.1,,,,,,,,,,,,,,,,,,,,,,,,,,,,,,,,
700097,1020,QuickStop Stations,2025-05-10,6358.2,6311.9,Linden,RBOB,700097-1,52.3,59.9,,,,,,,,,,,,,,,,,,,,,,,,,,,,,,,,
700178,1022,PitStop Markets,2025-05-24,394.2,393.1,Albany,RBOB,700178-1,57.2,59.9,,,,,,,,,,,,,,,,,,,,,,,,,,,,,,,,
700309,1018,Mariner Shipping,2025-06-18,48355.7,48533.0,Linden,ULSD,700309-3,65.2,36.0,,,,,,,,,,,,,,,,,,,,,,,,,,,,,,,,
700110,1017,Vector Trading,45790,569.1,563.9,Albany,RBOB,700110-1,50.2,60.8,,,,,,,,,,,,,,,,,,,,,,,,,,,,,,,,
700292,1022,PitStop Markets,2025-06-14,1357.9,1362.3,Albany,ULSD,700292-2,64.6,36.4,,,,,,,,,,,,,,,,,,,,,,,,,,,,,,,,
700255,1012,Cardinal Oil & Propane,45815,1317.5,1326.5,Linden,ULSD,700255-1,69.6,35.6,,,,,,,,,,,,,,,,,,,,,,,,,,,,,,,,
700272,1005,Granite Oil Co,2025-06-11,8197.1,8182.8,Providence,RBOB,700272-1,58.2,59.7,,,,,,,,,,,,,,,,,,,,,,,,,,,,,,,,
700102,1007,Sterling Distributors,2025-05-11,6293.9,6298.2,Providence,ULSD,700102-1,61.0,36.1,,,,,,,,,,,,,,,,,,,,,,,,,,,,,,,,
700090,1004,Colonial Distributors,45786,710.6,710.7,Providence,ULSD,700090-3,60.1,36.2,,,,,,,,,,,,,,,,,,,,,,,,,,,,,,,,
